Target,Donor,Supernatant,Antibiotics,Timepoint,Replicates,Colonies,Dilution,CFU,Survival
SVS002,SVS002,1mM cumate,Tobramycin (58µg/ml),0h,1,54,1e-05,1080000000.0,1.0
SVS002,SVS002,1mM cumate,Tobramycin (58µg/ml),0h,2,43,1e-05,860000000.0,1.0
SVS002,SVS002,1mM cumate,Tobramycin (58µg/ml),0h,3,41,1e-05,819999999.9999999,1.0
SVS002,SVS002,1mM cumate,Tobramycin (58µg/ml),1h,1,4,0.1,8000.0,7.4074074074074075e-06
SVS002,SVS002,1mM cumate,Tobramycin (58µg/ml),1h,2,9,0.1,18000.0,2.0930232558139536e-05
SVS002,SVS002,1mM cumate,Tobramycin (58µg/ml),1h,3,7,0.1,14000.0,1.707317073170732e-05
SVS002,SVS002,1mM cumate,Tobramycin (58µg/ml),4h,1,1,1.0,200.0,1.8518518518518518e-07
SVS002,SVS002,1mM cumate,Tobramycin (58µg/ml),4h,2,1,1.0,200.0,2.3255813953488372e-07
SVS002,SVS002,1mM cumate,Tobramycin (58µg/ml),4h,3,1,1.0,200.0,2.439024390243903e-07
SVS002,SVS002,1mM cumate,Tobramycin (58µg/ml),8h,1,1,1.0,200.0,1.8518518518518518e-07
SVS002,SVS002,1mM cumate,Tobramycin (58µg/ml),8h,2,1,1.0,200.0,2.3255813953488372e-07
SVS002,SVS002,1mM cumate,Tobramycin (58µg/ml),8h,3,1,1.0,200.0,2.439024390243903e-07
SVS002,SVS002,1mM cumate,Tobramycin (58µg/ml),24h,1,1,1.0,200.0,1.8518518518518518e-07
SVS002,SVS002,1mM cumate,Tobramycin (58µg/ml),24h,2,1,1.0,200.0,2.3255813953488372e-07
SVS002,SVS002,1mM cumate,Tobramycin (58µg/ml),24h,3,1,1.0,200.0,2.439024390243903e-07
SVS002,Tn dspI,1mM cumate,Tobramycin (58µg/ml),0h,1,27,1e-05,540000000.0,1.0
SVS002,Tn dspI,1mM cumate,Tobramycin (58µg/ml),0h,2,30,1e-05,599999999.9999999,1.0
SVS002,Tn dspI,1mM cumate,Tobramycin (58µg/ml),0h,3,36,1e-05,719999999.9999999,1.0
SVS002,Tn dspI,1mM cumate,Tobramycin (58µg/ml),1h,1,36,1e-05,719999999.9999999,1.333333333333333
SVS002,Tn dspI,1mM cumate,Tobramycin (58µg/ml),1h,2,28,1e-05,560000000.0,0.9333333333333336
SVS002,Tn dspI,1mM cumate,Tobramycin (58µg/ml),1h,3,42,1e-05,840000000.0,1.166666666666667
SVS002,Tn dspI,1mM cumate,Tobramycin (58µg/ml),4h,1,4,1e-05,79999999.99999999,0.1481481481481481
SVS002,Tn dspI,1mM cumate,Tobramycin (58µg/ml),4h,2,8,1e-05,159999999.99999997,0.26666666666666666
SVS002,Tn dspI,1mM cumate,Tobramycin (58µg/ml),4h,3,7,1e-05,140000000.0,0.19444444444444448
SVS002,Tn dspI,1mM cumate,Tobramycin (58µg/ml),8h,1,15,0.0001,30000000.0,0.05555555555555555
SVS002,Tn dspI,1mM cumate,Tobramycin (58µg/ml),8h,2,21,0.0001,42000000.0,0.07000000000000002
SVS002,Tn dspI,1mM cumate,Tobramycin (58µg/ml),8h,3,18,0.0001,36000000.0,0.05000000000000001
SVS002,Tn dspI,1mM cumate,Tobramycin (58µg/ml),24h,1,1,1.0,200.0,3.7037037037037036e-07
SVS002,Tn dspI,1mM cumate,Tobramycin (58µg/ml),24h,2,1,1.0,200.0,3.333333333333334e-07
SVS002,Tn dspI,1mM cumate,Tobramycin (58µg/ml),24h,3,1,1.0,200.0,2.777777777777778e-07
SVS002,Tn lasA,1mM cumate,Tobramycin (58µg/ml),0h,1,53,1e-05,1060000000.0,1.0
SVS002,Tn lasA,1mM cumate,Tobramycin (58µg/ml),0h,2,50,1e-05,1000000000.0,1.0
SVS002,Tn lasA,1mM cumate,Tobramycin (58µg/ml),0h,3,34,1e-05,679999999.9999999,1.0
SVS002,Tn lasA,1mM cumate,Tobramycin (58µg/ml),1h,1,48,1e-05,960000000.0,0.9056603773584906
SVS002,Tn lasA,1mM cumate,Tobramycin (58µg/ml),1h,2,36,1e-05,719999999.9999999,0.7199999999999999
SVS002,Tn lasA,1mM cumate,Tobramycin (58µg/ml),1h,3,41,1e-05,819999999.9999999,1.2058823529411764
SVS002,Tn lasA,1mM cumate,Tobramycin (58µg/ml),4h,1,5,1e-05,99999999.99999999,0.09433962264150941
SVS002,Tn lasA,1mM cumate,Tobramycin (58µg/ml),4h,2,8,1e-05,159999999.99999997,0.15999999999999998
SVS002,Tn lasA,1mM cumate,Tobramycin (58µg/ml),4h,3,9,1e-05,179999999.99999997,0.2647058823529412
SVS002,Tn lasA,1mM cumate,Tobramycin (58µg/ml),8h,1,18,0.0001,36000000.0,0.033962264150943396
SVS002,Tn lasA,1mM cumate,Tobramycin (58µg/ml),8h,2,19,0.0001,38000000.0,0.038
SVS002,Tn lasA,1mM cumate,Tobramycin (58µg/ml),8h,3,17,0.0001,34000000.0,0.05000000000000001
SVS002,Tn lasA,1mM cumate,Tobramycin (58µg/ml),24h,1,1,1.0,200.0,1.8867924528301886e-07
SVS002,Tn lasA,1mM cumate,Tobramycin (58µg/ml),24h,2,1,1.0,200.0,2e-07
SVS002,Tn lasA,1mM cumate,Tobramycin (58µg/ml),24h,3,1,1.0,200.0,2.9411764705882356e-07
SVS002,Tn lasB,1mM cumate,Tobramycin (58µg/ml),0h,1,37,1e-05,739999999.9999999,1.0
SVS002,Tn lasB,1mM cumate,Tobramycin (58µg/ml),0h,2,43,1e-05,860000000.0,1.0
SVS002,Tn lasB,1mM cumate,Tobramycin (58µg/ml),0h,3,38,1e-05,759999999.9999999,1.0
SVS002,Tn lasB,1mM cumate,Tobramycin (58µg/ml),1h,1,42,1e-05,840000000.0,1.1351351351351353
SVS002,Tn lasB,1mM cumate,Tobramycin (58µg/ml),1h,2,46,1e-05,920000000.0,1.069767441860465
SVS002,Tn lasB,1mM cumate,Tobramycin (58µg/ml),1h,3,36,1e-05,719999999.9999999,0.9473684210526315
SVS002,Tn lasB,1mM cumate,Tobramycin (58µg/ml),4h,1,5,1e-05,99999999.99999999,0.13513513513513514
SVS002,Tn lasB,1mM cumate,Tobramycin (58µg/ml),4h,2,2,1e-05,39999999.99999999,0.04651162790697674
SVS002,Tn lasB,1mM cumate,Tobramycin (58µg/ml),4h,3,2,1e-05,39999999.99999999,0.05263157894736842
SVS002,Tn lasB,1mM cumate,Tobramycin (58µg/ml),8h,1,11,0.001,2200000.0,0.0029729729729729734
SVS002,Tn lasB,1mM cumate,Tobramycin (58µg/ml),8h,2,11,0.001,2200000.0,0.0025581395348837207
SVS002,Tn lasB,1mM cumate,Tobramycin (58µg/ml),8h,3,8,0.001,1600000.0,0.0021052631578947372
SVS002,Tn lasB,1mM cumate,Tobramycin (58µg/ml),24h,1,1,1.0,200.0,2.702702702702703e-07
SVS002,Tn lasB,1mM cumate,Tobramycin (58µg/ml),24h,2,1,1.0,200.0,2.3255813953488372e-07
SVS002,Tn lasB,1mM cumate,Tobramycin (58µg/ml),24h,3,1,1.0,200.0,2.6315789473684213e-07
SVS002,Tn lasI,1mM cumate,Tobramycin (58µg/ml),0h,1,35,1e-05,699999999.9999999,1.0
SVS002,Tn lasI,1mM cumate,Tobramycin (58µg/ml),0h,2,43,1e-05,860000000.0,1.0
SVS002,Tn lasI,1mM cumate,Tobramycin (58µg/ml),0h,3,31,1e-05,619999999.9999999,1.0
SVS002,Tn lasI,1mM cumate,Tobramycin (58µg/ml),1h,1,33,1e-05,659999999.9999999,0.9428571428571428
SVS002,Tn lasI,1mM cumate,Tobramycin (58µg/ml),1h,2,41,1e-05,819999999.9999999,0.9534883720930231
SVS002,Tn lasI,1mM cumate,Tobramycin (58µg/ml),1h,3,36,1e-05,719999999.9999999,1.1612903225806452
SVS002,Tn lasI,1mM cumate,Tobramycin (58µg/ml),4h,1,15,1e-05,299999999.99999994,0.42857142857142855
SVS002,Tn lasI,1mM cumate,Tobramycin (58µg/ml),4h,2,12,1e-05,240000000.0,0.27906976744186046
SVS002,Tn lasI,1mM cumate,Tobramycin (58µg/ml),4h,3,12,1e-05,240000000.0,0.3870967741935485
SVS002,Tn lasI,1mM cumate,Tobramycin (58µg/ml),8h,1,16,0.0001,32000000.0,0.04571428571428572
SVS002,Tn lasI,1mM cumate,Tobramycin (58µg/ml),8h,2,22,0.0001,44000000.0,0.05116279069767442
SVS002,Tn lasI,1mM cumate,Tobramycin (58µg/ml),8h,3,21,0.0001,42000000.0,0.06774193548387097
SVS002,Tn lasI,1mM cumate,Tobramycin (58µg/ml),24h,1,1,1.0,200.0,2.8571428571428575e-07
SVS002,Tn lasI,1mM cumate,Tobramycin (58µg/ml),24h,2,1,1.0,200.0,2.3255813953488372e-07
SVS002,Tn lasI,1mM cumate,Tobramycin (58µg/ml),24h,3,1,1.0,200.0,3.225806451612904e-07
SVS002,Tn mucA,1mM cumate,Tobramycin (58µg/ml),0h,1,45,1e-05,900000000.0,1.0
SVS002,Tn mucA,1mM cumate,Tobramycin (58µg/ml),0h,2,24,1e-05,480000000.0,1.0
SVS002,Tn mucA,1mM cumate,Tobramycin (58µg/ml),0h,3,34,1e-05,679999999.9999999,1.0
SVS002,Tn mucA,1mM cumate,Tobramycin (58µg/ml),1h,1,28,1e-05,560000000.0,0.6222222222222222
SVS002,Tn mucA,1mM cumate,Tobramycin (58µg/ml),1h,2,34,1e-05,679999999.9999999,1.4166666666666665
SVS002,Tn mucA,1mM cumate,Tobramycin (58µg/ml),1h,3,46,1e-05,920000000.0,1.3529411764705885
SVS002,Tn mucA,1mM cumate,Tobramycin (58µg/ml),4h,1,8,1e-05,159999999.99999997,0.17777777777777776
SVS002,Tn mucA,1mM cumate,Tobramycin (58µg/ml),4h,2,12,1e-05,240000000.0,0.5
SVS002,Tn mucA,1mM cumate,Tobramycin (58µg/ml),4h,3,10,1e-05,199999999.99999997,0.29411764705882354
SVS002,Tn mucA,1mM cumate,Tobramycin (58µg/ml),8h,1,25,0.0001,50000000.0,0.05555555555555555
SVS002,Tn mucA,1mM cumate,Tobramycin (58µg/ml),8h,2,23,0.0001,46000000.0,0.09583333333333334
SVS002,Tn mucA,1mM cumate,Tobramycin (58µg/ml),8h,3,21,0.0001,42000000.0,0.06176470588235295
SVS002,Tn mucA,1mM cumate,Tobramycin (58µg/ml),24h,1,1,1.0,200.0,2.2222222222222222e-07
SVS002,Tn mucA,1mM cumate,Tobramycin (58µg/ml),24h,2,1,1.0,200.0,4.1666666666666667e-07
SVS002,Tn mucA,1mM cumate,Tobramycin (58µg/ml),24h,3,1,1.0,200.0,2.9411764705882356e-07
SVS002,Tn pqsL,1mM cumate,Tobramycin (58µg/ml),0h,1,42,1e-05,840000000.0,1.0
SVS002,Tn pqsL,1mM cumate,Tobramycin (58µg/ml),0h,2,30,1e-05,599999999.9999999,1.0
SVS002,Tn pqsL,1mM cumate,Tobramycin (58µg/ml),0h,3,27,1e-05,540000000.0,1.0
SVS002,Tn pqsL,1mM cumate,Tobramycin (58µg/ml),1h,1,13,0.01,260000.0,0.0003095238095238095
SVS002,Tn pqsL,1mM cumate,Tobramycin (58µg/ml),1h,2,12,0.01,240000.0,0.0004000000000000001
SVS002,Tn pqsL,1mM cumate,Tobramycin (58µg/ml),1h,3,9,0.01,180000.0,0.0003333333333333333
SVS002,Tn pqsL,1mM cumate,Tobramycin (58µg/ml),4h,1,1,1.0,200.0,2.380952380952381e-07
SVS002,Tn pqsL,1mM cumate,Tobramycin (58µg/ml),4h,2,1,1.0,200.0,3.333333333333334e-07
SVS002,Tn pqsL,1mM cumate,Tobramycin (58µg/ml),4h,3,1,1.0,200.0,3.7037037037037036e-07
SVS002,Tn pqsL,1mM cumate,Tobramycin (58µg/ml),8h,1,1,1.0,200.0,2.380952380952381e-07
SVS002,Tn pqsL,1mM cumate,Tobramycin (58µg/ml),8h,2,1,1.0,200.0,3.333333333333334e-07
SVS002,Tn pqsL,1mM cumate,Tobramycin (58µg/ml),8h,3,1,1.0,200.0,3.7037037037037036e-07
SVS002,Tn pqsL,1mM cumate,Tobramycin (58µg/ml),24h,1,1,1.0,200.0,2.380952380952381e-07
SVS002,Tn pqsL,1mM cumate,Tobramycin (58µg/ml),24h,2,1,1.0,200.0,3.333333333333334e-07
SVS002,Tn pqsL,1mM cumate,Tobramycin (58µg/ml),24h,3,1,1.0,200.0,3.7037037037037036e-07
SVS002,Tn rhlA,1mM cumate,Tobramycin (58µg/ml),0h,1,38,1e-05,759999999.9999999,1.0
SVS002,Tn rhlA,1mM cumate,Tobramycin (58µg/ml),0h,2,25,1e-05,500000000.0,1.0
SVS002,Tn rhlA,1mM cumate,Tobramycin (58µg/ml),0h,3,24,1e-05,480000000.0,1.0
SVS002,Tn rhlA,1mM cumate,Tobramycin (58µg/ml),1h,1,28,1e-05,560000000.0,0.736842105263158
SVS002,Tn rhlA,1mM cumate,Tobramycin (58µg/ml),1h,2,37,1e-05,739999999.9999999,1.4799999999999998
SVS002,Tn rhlA,1mM cumate,Tobramycin (58µg/ml),1h,3,29,1e-05,579999999.9999999,1.208333333333333
SVS002,Tn rhlA,1mM cumate,Tobramycin (58µg/ml),4h,1,4,1e-05,79999999.99999999,0.10526315789473684
SVS002,Tn rhlA,1mM cumate,Tobramycin (58µg/ml),4h,2,9,1e-05,179999999.99999997,0.35999999999999993
SVS002,Tn rhlA,1mM cumate,Tobramycin (58µg/ml),4h,3,9,1e-05,179999999.99999997,0.37499999999999994
SVS002,Tn rhlA,1mM cumate,Tobramycin (58µg/ml),8h,1,12,0.0001,24000000.0,0.03157894736842106
SVS002,Tn rhlA,1mM cumate,Tobramycin (58µg/ml),8h,2,9,0.0001,18000000.0,0.036
SVS002,Tn rhlA,1mM cumate,Tobramycin (58µg/ml),8h,3,9,0.0001,18000000.0,0.0375
SVS002,Tn rhlA,1mM cumate,Tobramycin (58µg/ml),24h,1,1,1.0,200.0,2.6315789473684213e-07
SVS002,Tn rhlA,1mM cumate,Tobramycin (58µg/ml),24h,2,1,1.0,200.0,4e-07
SVS002,Tn rhlA,1mM cumate,Tobramycin (58µg/ml),24h,3,1,1.0,200.0,4.1666666666666667e-07
SVS002,Tn toxA,1mM cumate,Tobramycin (58µg/ml),0h,1,44,1e-05,880000000.0,1.0
SVS002,Tn toxA,1mM cumate,Tobramycin (58µg/ml),0h,2,39,1e-05,779999999.9999999,1.0
SVS002,Tn toxA,1mM cumate,Tobramycin (58µg/ml),0h,3,35,1e-05,699999999.9999999,1.0
SVS002,Tn toxA,1mM cumate,Tobramycin (58µg/ml),1h,1,42,1e-05,840000000.0,0.9545454545454546
SVS002,Tn toxA,1mM cumate,Tobramycin (58µg/ml),1h,2,31,1e-05,619999999.9999999,0.7948717948717948
SVS002,Tn toxA,1mM cumate,Tobramycin (58µg/ml),1h,3,31,1e-05,619999999.9999999,0.8857142857142857
SVS002,Tn toxA,1mM cumate,Tobramycin (58µg/ml),4h,1,12,1e-05,240000000.0,0.2727272727272727
SVS002,Tn toxA,1mM cumate,Tobramycin (58µg/ml),4h,2,9,1e-05,179999999.99999997,0.23076923076923075
SVS002,Tn toxA,1mM cumate,Tobramycin (58µg/ml),4h,3,5,1e-05,99999999.99999999,0.14285714285714285
SVS002,Tn toxA,1mM cumate,Tobramycin (58µg/ml),8h,1,18,0.0001,36000000.0,0.04090909090909091
SVS002,Tn toxA,1mM cumate,Tobramycin (58µg/ml),8h,2,18,0.0001,36000000.0,0.04615384615384616
SVS002,Tn toxA,1mM cumate,Tobramycin (58µg/ml),8h,3,16,0.0001,32000000.0,0.04571428571428572
SVS002,Tn toxA,1mM cumate,Tobramycin (58µg/ml),24h,1,1,1.0,200.0,2.2727272727272726e-07
SVS002,Tn toxA,1mM cumate,Tobramycin (58µg/ml),24h,2,1,1.0,200.0,2.5641025641025647e-07
SVS002,Tn toxA,1mM cumate,Tobramycin (58µg/ml),24h,3,1,1.0,200.0,2.8571428571428575e-07
SVS002,∆5183,1mM cumate,Tobramycin (58µg/ml),0h,1,43,1e-05,860000000.0,1.0
SVS002,∆5183,1mM cumate,Tobramycin (58µg/ml),0h,2,39,1e-05,779999999.9999999,1.0
SVS002,∆5183,1mM cumate,Tobramycin (58µg/ml),0h,3,42,1e-05,840000000.0,1.0
SVS002,∆5183,1mM cumate,Tobramycin (58µg/ml),1h,1,26,1e-05,520000000.0,0.6046511627906976
SVS002,∆5183,1mM cumate,Tobramycin (58µg/ml),1h,2,39,1e-05,779999999.9999999,1.0
SVS002,∆5183,1mM cumate,Tobramycin (58µg/ml),1h,3,31,1e-05,619999999.9999999,0.7380952380952379
SVS002,∆5183,1mM cumate,Tobramycin (58µg/ml),4h,1,19,1e-05,379999999.99999994,0.441860465116279
SVS002,∆5183,1mM cumate,Tobramycin (58µg/ml),4h,2,17,1e-05,339999999.99999994,0.4358974358974359
SVS002,∆5183,1mM cumate,Tobramycin (58µg/ml),4h,3,11,1e-05,220000000.0,0.2619047619047619
SVS002,∆5183,1mM cumate,Tobramycin (58µg/ml),8h,1,30,0.0001,60000000.0,0.06976744186046512
SVS002,∆5183,1mM cumate,Tobramycin (58µg/ml),8h,2,26,0.0001,52000000.0,0.06666666666666668
SVS002,∆5183,1mM cumate,Tobramycin (58µg/ml),8h,3,29,0.0001,58000000.0,0.06904761904761905
SVS002,∆5183,1mM cumate,Tobramycin (58µg/ml),24h,1,1,1.0,200.0,2.3255813953488372e-07
SVS002,∆5183,1mM cumate,Tobramycin (58µg/ml),24h,2,1,1.0,200.0,2.5641025641025647e-07
SVS002,∆5183,1mM cumate,Tobramycin (58µg/ml),24h,3,1,1.0,200.0,2.380952380952381e-07
SVS002,∆5183 pQFT pqsL,1mM cumate,Tobramycin (58µg/ml),0h,1,30,1e-05,599999999.9999999,1.0
SVS002,∆5183 pQFT pqsL,1mM cumate,Tobramycin (58µg/ml),0h,2,51,1e-05,1020000000.0,1.0
SVS002,∆5183 pQFT pqsL,1mM cumate,Tobramycin (58µg/ml),0h,3,56,1e-05,1120000000.0,1.0
SVS002,∆5183 pQFT pqsL,1mM cumate,Tobramycin (58µg/ml),1h,1,50,1e-05,1000000000.0,1.666666666666667
SVS002,∆5183 pQFT pqsL,1mM cumate,Tobramycin (58µg/ml),1h,2,41,1e-05,819999999.9999999,0.8039215686274509
SVS002,∆5183 pQFT pqsL,1mM cumate,Tobramycin (58µg/ml),1h,3,29,1e-05,579999999.9999999,0.5178571428571428
SVS002,∆5183 pQFT pqsL,1mM cumate,Tobramycin (58µg/ml),4h,1,21,1e-05,420000000.0,0.7000000000000002
SVS002,∆5183 pQFT pqsL,1mM cumate,Tobramycin (58µg/ml),4h,2,34,1e-05,679999999.9999999,0.6666666666666665
SVS002,∆5183 pQFT pqsL,1mM cumate,Tobramycin (58µg/ml),4h,3,28,1e-05,560000000.0,0.5
SVS002,∆5183 pQFT pqsL,1mM cumate,Tobramycin (58µg/ml),8h,1,31,1e-05,619999999.9999999,1.0333333333333334
SVS002,∆5183 pQFT pqsL,1mM cumate,Tobramycin (58µg/ml),8h,2,14,1e-05,280000000.0,0.27450980392156865
SVS002,∆5183 pQFT pqsL,1mM cumate,Tobramycin (58µg/ml),8h,3,17,1e-05,339999999.99999994,0.3035714285714285
SVS002,∆5183 pQFT pqsL,1mM cumate,Tobramycin (58µg/ml),24h,1,49,0.0001,98000000.0,0.16333333333333336
SVS002,∆5183 pQFT pqsL,1mM cumate,Tobramycin (58µg/ml),24h,2,30,0.0001,60000000.0,0.058823529411764705
SVS002,∆5183 pQFT pqsL,1mM cumate,Tobramycin (58µg/ml),24h,3,22,0.0001,44000000.0,0.039285714285714285
SVS002,∆5183 pQFT rhlAB,1mM cumate,Tobramycin (58µg/ml),0h,1,26,1e-05,520000000.0,1.0
SVS002,∆5183 pQFT rhlAB,1mM cumate,Tobramycin (58µg/ml),0h,2,28,1e-05,560000000.0,1.0
SVS002,∆5183 pQFT rhlAB,1mM cumate,Tobramycin (58µg/ml),0h,3,43,1e-05,860000000.0,1.0
SVS002,∆5183 pQFT rhlAB,1mM cumate,Tobramycin (58µg/ml),1h,1,3,0.001,600000.0,0.001153846153846154
SVS002,∆5183 pQFT rhlAB,1mM cumate,Tobramycin (58µg/ml),1h,2,8,0.001,1600000.0,0.002857142857142857
SVS002,∆5183 pQFT rhlAB,1mM cumate,Tobramycin (58µg/ml),1h,3,6,0.001,1200000.0,0.0013953488372093023
SVS002,∆5183 pQFT rhlAB,1mM cumate,Tobramycin (58µg/ml),4h,1,1,1.0,200.0,3.8461538461538463e-07
SVS002,∆5183 pQFT rhlAB,1mM cumate,Tobramycin (58µg/ml),4h,2,1,1.0,200.0,3.5714285714285716e-07
SVS002,∆5183 pQFT rhlAB,1mM cumate,Tobramycin (58µg/ml),4h,3,1,1.0,200.0,2.3255813953488372e-07
SVS002,∆5183 pQFT rhlAB,1mM cumate,Tobramycin (58µg/ml),8h,1,1,1.0,200.0,3.8461538461538463e-07
SVS002,∆5183 pQFT rhlAB,1mM cumate,Tobramycin (58µg/ml),8h,2,1,1.0,200.0,3.5714285714285716e-07
SVS002,∆5183 pQFT rhlAB,1mM cumate,Tobramycin (58µg/ml),8h,3,1,1.0,200.0,2.3255813953488372e-07
SVS002,∆5183 pQFT rhlAB,1mM cumate,Tobramycin (58µg/ml),24h,1,1,1.0,200.0,3.8461538461538463e-07
SVS002,∆5183 pQFT rhlAB,1mM cumate,Tobramycin (58µg/ml),24h,2,1,1.0,200.0,3.5714285714285716e-07
SVS002,∆5183 pQFT rhlAB,1mM cumate,Tobramycin (58µg/ml),24h,3,1,1.0,200.0,2.3255813953488372e-07
SVS002,∆pqsL,1mM cumate,Tobramycin (58µg/ml),0h,1,36,1e-05,719999999.9999999,1.0
SVS002,∆pqsL,1mM cumate,Tobramycin (58µg/ml),0h,2,39,1e-05,779999999.9999999,1.0
SVS002,∆pqsL,1mM cumate,Tobramycin (58µg/ml),0h,3,29,1e-05,579999999.9999999,1.0
SVS002,∆pqsL,1mM cumate,Tobramycin (58µg/ml),1h,1,2,0.1,4000.0,5.555555555555557e-06
SVS002,∆pqsL,1mM cumate,Tobramycin (58µg/ml),1h,2,1,0.1,2000.0,2.5641025641025644e-06
SVS002,∆pqsL,1mM cumate,Tobramycin (58µg/ml),1h,3,1,1.0,200.0,3.448275862068966e-07
SVS002,∆pqsL,1mM cumate,Tobramycin (58µg/ml),4h,1,1,1.0,200.0,2.777777777777778e-07
SVS002,∆pqsL,1mM cumate,Tobramycin (58µg/ml),4h,2,1,1.0,200.0,2.5641025641025647e-07
SVS002,∆pqsL,1mM cumate,Tobramycin (58µg/ml),4h,3,1,1.0,200.0,3.448275862068966e-07
SVS002,∆pqsL,1mM cumate,Tobramycin (58µg/ml),8h,1,1,1.0,200.0,2.777777777777778e-07
SVS002,∆pqsL,1mM cumate,Tobramycin (58µg/ml),8h,2,1,1.0,200.0,2.5641025641025647e-07
SVS002,∆pqsL,1mM cumate,Tobramycin (58µg/ml),8h,3,1,1.0,200.0,3.448275862068966e-07
SVS002,∆pqsL,1mM cumate,Tobramycin (58µg/ml),24h,1,1,1.0,200.0,2.777777777777778e-07
SVS002,∆pqsL,1mM cumate,Tobramycin (58µg/ml),24h,2,1,1.0,200.0,2.5641025641025647e-07
SVS002,∆pqsL,1mM cumate,Tobramycin (58µg/ml),24h,3,1,1.0,200.0,3.448275862068966e-07
SVS002,∆pqsL pQFT pqsL,1mM cumate,Tobramycin (58µg/ml),0h,1,62,1e-05,1239999999.9999998,1.0
SVS002,∆pqsL pQFT pqsL,1mM cumate,Tobramycin (58µg/ml),0h,2,44,1e-05,880000000.0,1.0
SVS002,∆pqsL pQFT pqsL,1mM cumate,Tobramycin (58µg/ml),0h,3,37,1e-05,739999999.9999999,1.0
SVS002,∆pqsL pQFT pqsL,1mM cumate,Tobramycin (58µg/ml),1h,1,53,1e-05,1060000000.0,0.8548387096774195
SVS002,∆pqsL pQFT pqsL,1mM cumate,Tobramycin (58µg/ml),1h,2,40,1e-05,799999999.9999999,0.909090909090909
SVS002,∆pqsL pQFT pqsL,1mM cumate,Tobramycin (58µg/ml),1h,3,31,1e-05,619999999.9999999,0.8378378378378378
SVS002,∆pqsL pQFT pqsL,1mM cumate,Tobramycin (58µg/ml),4h,1,35,1e-05,699999999.9999999,0.5645161290322581
SVS002,∆pqsL pQFT pqsL,1mM cumate,Tobramycin (58µg/ml),4h,2,21,1e-05,420000000.0,0.4772727272727273
SVS002,∆pqsL pQFT pqsL,1mM cumate,Tobramycin (58µg/ml),4h,3,27,1e-05,540000000.0,0.7297297297297298
SVS002,∆pqsL pQFT pqsL,1mM cumate,Tobramycin (58µg/ml),8h,1,33,1e-05,659999999.9999999,0.532258064516129
SVS002,∆pqsL pQFT pqsL,1mM cumate,Tobramycin (58µg/ml),8h,2,16,1e-05,319999999.99999994,0.3636363636363636
SVS002,∆pqsL pQFT pqsL,1mM cumate,Tobramycin (58µg/ml),8h,3,16,1e-05,319999999.99999994,0.4324324324324324
SVS002,∆pqsL pQFT pqsL,1mM cumate,Tobramycin (58µg/ml),24h,1,50,0.0001,100000000.0,0.08064516129032259
SVS002,∆pqsL pQFT pqsL,1mM cumate,Tobramycin (58µg/ml),24h,2,18,0.0001,36000000.0,0.04090909090909091
SVS002,∆pqsL pQFT pqsL,1mM cumate,Tobramycin (58µg/ml),24h,3,23,0.0001,46000000.0,0.06216216216216217
SVS002,∆rhlA,1mM cumate,Tobramycin (58µg/ml),0h,1,29,1e-05,579999999.9999999,1.0
SVS002,∆rhlA,1mM cumate,Tobramycin (58µg/ml),0h,2,37,1e-05,739999999.9999999,1.0
SVS002,∆rhlA,1mM cumate,Tobramycin (58µg/ml),0h,3,34,1e-05,679999999.9999999,1.0
SVS002,∆rhlA,1mM cumate,Tobramycin (58µg/ml),1h,1,34,1e-05,679999999.9999999,1.1724137931034484
SVS002,∆rhlA,1mM cumate,Tobramycin (58µg/ml),1h,2,27,1e-05,540000000.0,0.7297297297297298
SVS002,∆rhlA,1mM cumate,Tobramycin (58µg/ml),1h,3,36,1e-05,719999999.9999999,1.0588235294117647
SVS002,∆rhlA,1mM cumate,Tobramycin (58µg/ml),4h,1,24,1e-05,480000000.0,0.8275862068965519
SVS002,∆rhlA,1mM cumate,Tobramycin (58µg/ml),4h,2,27,1e-05,540000000.0,0.7297297297297298
SVS002,∆rhlA,1mM cumate,Tobramycin (58µg/ml),4h,3,36,1e-05,719999999.9999999,1.0588235294117647
SVS002,∆rhlA,1mM cumate,Tobramycin (58µg/ml),8h,1,25,1e-05,500000000.0,0.8620689655172415
SVS002,∆rhlA,1mM cumate,Tobramycin (58µg/ml),8h,2,22,1e-05,440000000.0,0.5945945945945947
SVS002,∆rhlA,1mM cumate,Tobramycin (58µg/ml),8h,3,26,1e-05,520000000.0,0.7647058823529413
SVS002,∆rhlA,1mM cumate,Tobramycin (58µg/ml),24h,1,10,0.01,200000.0,0.00034482758620689663
SVS002,∆rhlA,1mM cumate,Tobramycin (58µg/ml),24h,2,7,0.01,140000.0,0.00018918918918918922
SVS002,∆rhlA,1mM cumate,Tobramycin (58µg/ml),24h,3,7,0.01,140000.0,0.0002058823529411765
SVS002,∆rhlA pQFT rhlAB,1mM cumate,Tobramycin (58µg/ml),0h,1,37,1e-05,739999999.9999999,1.0
SVS002,∆rhlA pQFT rhlAB,1mM cumate,Tobramycin (58µg/ml),0h,2,54,1e-05,1080000000.0,1.0
SVS002,∆rhlA pQFT rhlAB,1mM cumate,Tobramycin (58µg/ml),0h,3,43,1e-05,860000000.0,1.0
SVS002,∆rhlA pQFT rhlAB,1mM cumate,Tobramycin (58µg/ml),1h,1,7,1e-05,140000000.0,0.18918918918918923
SVS002,∆rhlA pQFT rhlAB,1mM cumate,Tobramycin (58µg/ml),1h,2,6,1e-05,120000000.0,0.1111111111111111
SVS002,∆rhlA pQFT rhlAB,1mM cumate,Tobramycin (58µg/ml),1h,3,11,1e-05,220000000.0,0.2558139534883721
SVS002,∆rhlA pQFT rhlAB,1mM cumate,Tobramycin (58µg/ml),4h,1,21,0.0001,42000000.0,0.05675675675675677
SVS002,∆rhlA pQFT rhlAB,1mM cumate,Tobramycin (58µg/ml),4h,2,16,0.0001,32000000.0,0.02962962962962963
SVS002,∆rhlA pQFT rhlAB,1mM cumate,Tobramycin (58µg/ml),4h,3,28,0.0001,56000000.0,0.06511627906976744
SVS002,∆rhlA pQFT rhlAB,1mM cumate,Tobramycin (58µg/ml),8h,1,24,0.0001,48000000.0,0.06486486486486487
SVS002,∆rhlA pQFT rhlAB,1mM cumate,Tobramycin (58µg/ml),8h,2,16,0.0001,32000000.0,0.02962962962962963
SVS002,∆rhlA pQFT rhlAB,1mM cumate,Tobramycin (58µg/ml),8h,3,15,0.0001,30000000.0,0.03488372093023256
SVS002,∆rhlA pQFT rhlAB,1mM cumate,Tobramycin (58µg/ml),24h,1,1,1.0,200.0,2.702702702702703e-07
SVS002,∆rhlA pQFT rhlAB,1mM cumate,Tobramycin (58µg/ml),24h,2,1,1.0,200.0,1.8518518518518518e-07
SVS002,∆rhlA pQFT rhlAB,1mM cumate,Tobramycin (58µg/ml),24h,3,1,1.0,200.0,2.3255813953488372e-07
