colony_id,x,y,frame,position,replicate,hours,x_um,y_um,x_bin,y_bin
1,747.6027397260274,152.0,11,pos10,rep1,0.9166666666666666,48.59417808219178,9.88,"(45.0, 50.0]","(5.0, 10.0]"
3,119.2280701754386,169.01754385964912,16,pos10,rep1,1.3333333333333333,7.74982456140351,10.986140350877193,"(5.0, 10.0]","(10.0, 15.0]"
10,440.6545454545454,25.70909090909091,20,pos10,rep1,1.6666666666666665,28.642545454545452,1.6710909090909092,"(25.0, 30.0]","(-0.001, 5.0]"
20,205.3793103448276,54.206896551724135,23,pos10,rep1,1.9166666666666665,13.349655172413794,3.523448275862069,"(10.0, 15.0]","(-0.001, 5.0]"
21,390.76056338028167,73.0774647887324,23,pos10,rep1,1.9166666666666665,25.39943661971831,4.7500352112676065,"(25.0, 30.0]","(-0.001, 5.0]"
49,47.70967741935484,168.67741935483872,25,pos10,rep1,2.083333333333333,3.101129032258065,10.964032258064517,"(-0.001, 5.0]","(10.0, 15.0]"
62,470.97777777777776,92.13333333333334,26,pos10,rep1,2.1666666666666665,30.613555555555557,5.988666666666667,"(30.0, 35.0]","(5.0, 10.0]"
63,422.5757575757576,99.42424242424242,26,pos10,rep1,2.1666666666666665,27.467424242424247,6.462575757575758,"(25.0, 30.0]","(5.0, 10.0]"
67,651.0,161.0,26,pos10,rep1,2.1666666666666665,42.315000000000005,10.465,"(40.0, 45.0]","(10.0, 15.0]"
80,196.41176470588235,277.3235294117647,26,pos10,rep1,2.1666666666666665,12.766764705882354,18.026029411764707,"(10.0, 15.0]","(15.0, 20.0]"
86,115.03047091412742,156.07202216066483,27,pos10,rep1,2.25,7.476980609418282,10.144681440443215,"(5.0, 10.0]","(10.0, 15.0]"
90,542.2,182.3,27,pos10,rep1,2.25,35.243,11.8495,"(35.0, 40.0]","(10.0, 15.0]"
95,361.24,209.72,27,pos10,rep1,2.25,23.480600000000003,13.6318,"(20.0, 25.0]","(10.0, 15.0]"
109,82.29824561403508,190.6140350877193,28,pos10,rep1,2.333333333333333,5.349385964912281,12.389912280701754,"(5.0, 10.0]","(10.0, 15.0]"
110,478.84375,215.890625,28,pos10,rep1,2.333333333333333,31.12484375,14.032890625,"(30.0, 35.0]","(10.0, 15.0]"
116,617.2409638554217,341.04819277108436,28,pos10,rep1,2.333333333333333,40.12066265060241,22.168132530120484,"(40.0, 45.0]","(20.0, 25.0]"
119,648.3414634146342,56.4390243902439,29,pos10,rep1,2.4166666666666665,42.142195121951225,3.6685365853658536,"(40.0, 45.0]","(-0.001, 5.0]"
120,11.819277108433734,78.92771084337349,29,pos10,rep1,2.4166666666666665,0.7682530120481927,5.130301204819277,"(-0.001, 5.0]","(5.0, 10.0]"
126,413.8690476190476,234.07142857142856,29,pos10,rep1,2.4166666666666665,26.901488095238093,15.214642857142856,"(25.0, 30.0]","(15.0, 20.0]"
137,272.6470588235294,53.5,30,pos10,rep1,2.5,17.722058823529412,3.4775,"(15.0, 20.0]","(-0.001, 5.0]"
138,453.7567567567568,123.4054054054054,30,pos10,rep1,2.5,29.494189189189193,8.02135135135135,"(25.0, 30.0]","(5.0, 10.0]"
139,203.07692307692307,155.64102564102564,30,pos10,rep1,2.5,13.2,10.116666666666667,"(10.0, 15.0]","(10.0, 15.0]"
153,683.6071428571429,22.392857142857142,31,pos10,rep1,2.583333333333333,44.43446428571429,1.4555357142857144,"(40.0, 45.0]","(-0.001, 5.0]"
155,433.04761904761904,213.92857142857144,31,pos10,rep1,2.583333333333333,28.148095238095237,13.905357142857145,"(25.0, 30.0]","(10.0, 15.0]"
161,741.0409356725146,289.0,31,pos10,rep1,2.583333333333333,48.16766081871345,18.785,"(45.0, 50.0]","(15.0, 20.0]"
165,477.4634146341463,177.08536585365854,32,pos10,rep1,2.6666666666666665,31.035121951219512,11.510548780487806,"(30.0, 35.0]","(10.0, 15.0]"
170,28.071428571428573,350.4155844155844,32,pos10,rep1,2.6666666666666665,1.8246428571428572,22.777012987012988,"(-0.001, 5.0]","(20.0, 25.0]"
172,168.85714285714286,84.10714285714286,33,pos10,rep1,2.75,10.975714285714286,5.466964285714286,"(10.0, 15.0]","(5.0, 10.0]"
203,376.1864406779661,313.35593220338984,35,pos10,rep1,2.9166666666666665,24.4521186440678,20.36813559322034,"(20.0, 25.0]","(20.0, 25.0]"
245,510.0681818181818,402.95454545454544,38,pos10,rep1,3.1666666666666665,33.15443181818182,26.192045454545454,"(30.0, 35.0]","(25.0, 30.0]"
278,12.715151515151517,185.65454545454543,41,pos10,rep1,3.4166666666666665,0.8264848484848486,12.067545454545453,"(-0.001, 5.0]","(10.0, 15.0]"
284,90.97560975609755,202.97560975609755,42,pos10,rep1,3.5,5.913414634146341,13.193414634146341,"(5.0, 10.0]","(10.0, 15.0]"
305,413.5038167938931,203.65648854961833,44,pos10,rep1,3.6666666666666665,26.877748091603053,13.237671755725192,"(25.0, 30.0]","(10.0, 15.0]"
331,648.7478632478633,65.05982905982906,47,pos10,rep1,3.9166666666666665,42.16861111111111,4.228888888888889,"(40.0, 45.0]","(-0.001, 5.0]"
335,523.7560975609756,131.0487804878049,47,pos10,rep1,3.9166666666666665,34.04414634146342,8.518170731707318,"(30.0, 35.0]","(5.0, 10.0]"
365,163.359375,36.828125,53,pos10,rep1,4.416666666666666,10.618359375,2.393828125,"(10.0, 15.0]","(-0.001, 5.0]"
921,748.3142857142857,280.5,15,pos11,rep1,1.25,48.64042857142857,18.2325,"(45.0, 50.0]","(15.0, 20.0]"
939,671.5454545454545,217.8181818181818,25,pos11,rep1,2.083333333333333,43.650454545454544,14.158181818181818,"(40.0, 45.0]","(10.0, 15.0]"
940,88.98181818181818,224.21818181818185,25,pos11,rep1,2.083333333333333,5.783818181818182,14.57418181818182,"(5.0, 10.0]","(10.0, 15.0]"
954,619.62,323.92,28,pos11,rep1,2.333333333333333,40.2753,21.0548,"(40.0, 45.0]","(20.0, 25.0]"
959,43.11538461538461,210.6,29,pos11,rep1,2.4166666666666665,2.8024999999999998,13.689,"(-0.001, 5.0]","(10.0, 15.0]"
962,75.66197183098592,302.3380281690141,29,pos11,rep1,2.4166666666666665,4.918028169014085,19.651971830985914,"(-0.001, 5.0]","(15.0, 20.0]"
968,641.1875,277.0,30,pos11,rep1,2.5,41.6771875,18.005,"(40.0, 45.0]","(15.0, 20.0]"
977,530.1875,398.6484375,31,pos11,rep1,2.583333333333333,34.4621875,25.9121484375,"(30.0, 35.0]","(25.0, 30.0]"
980,248.7782258064516,145.08467741935485,32,pos11,rep1,2.6666666666666665,16.170584677419352,9.430504032258066,"(15.0, 20.0]","(5.0, 10.0]"
999,673.542372881356,157.4406779661017,35,pos11,rep1,2.9166666666666665,43.78025423728814,10.233644067796611,"(40.0, 45.0]","(10.0, 15.0]"
1001,277.02272727272725,181.77272727272728,35,pos11,rep1,2.9166666666666665,18.00647727272727,11.815227272727274,"(15.0, 20.0]","(10.0, 15.0]"
1005,283.90140845070425,324.90140845070425,36,pos11,rep1,3.0,18.453591549295776,21.118591549295775,"(15.0, 20.0]","(20.0, 25.0]"
1013,332.7543859649123,265.6666666666667,37,pos11,rep1,3.083333333333333,21.6290350877193,17.268333333333334,"(20.0, 25.0]","(15.0, 20.0]"
1022,458.01,289.14,39,pos11,rep1,3.25,29.77065,18.7941,"(25.0, 30.0]","(15.0, 20.0]"
1032,114.2013422818792,100.744966442953,41,pos11,rep1,3.4166666666666665,7.423087248322148,6.548422818791945,"(5.0, 10.0]","(5.0, 10.0]"
1038,263.5888888888889,281.5888888888889,42,pos11,rep1,3.5,17.133277777777778,18.30327777777778,"(15.0, 20.0]","(15.0, 20.0]"
1062,560.9285714285714,135.0952380952381,48,pos11,rep1,4.0,36.46035714285715,8.781190476190478,"(35.0, 40.0]","(5.0, 10.0]"
1068,277.1296296296296,274.27777777777777,49,pos11,rep1,4.083333333333333,18.013425925925926,17.828055555555554,"(15.0, 20.0]","(15.0, 20.0]"
1074,604.9354838709677,140.1451612903226,50,pos11,rep1,4.166666666666666,39.3208064516129,9.10943548387097,"(35.0, 40.0]","(5.0, 10.0]"
1078,633.2222222222222,138.38888888888889,51,pos11,rep1,4.25,41.15944444444444,8.995277777777778,"(40.0, 45.0]","(5.0, 10.0]"
1123,264.63157894736844,368.3333333333333,56,pos11,rep1,4.666666666666666,17.20105263157895,23.941666666666666,"(15.0, 20.0]","(20.0, 25.0]"
1173,346.5192307692308,203.07692307692307,65,pos11,rep1,5.416666666666666,22.52375,13.2,"(20.0, 25.0]","(10.0, 15.0]"
1239,465.5111111111111,170.22222222222223,74,pos11,rep1,6.166666666666666,30.258222222222223,11.064444444444446,"(30.0, 35.0]","(10.0, 15.0]"
1296,751.0862068965517,147.0,82,pos11,rep1,6.833333333333333,48.82060344827587,9.555,"(45.0, 50.0]","(5.0, 10.0]"
1452,14.140625,162.9375,106,pos11,rep1,8.833333333333332,0.919140625,10.5909375,"(-0.001, 5.0]","(10.0, 15.0]"
1802,402.02272727272725,30.068181818181817,20,pos12,rep1,1.6666666666666665,26.131477272727274,1.954431818181818,"(25.0, 30.0]","(-0.001, 5.0]"
1804,518.6463414634146,38.829268292682926,23,pos12,rep1,1.9166666666666665,33.71201219512195,2.5239024390243903,"(30.0, 35.0]","(-0.001, 5.0]"
1806,624.5,188.0,23,pos12,rep1,1.9166666666666665,40.5925,12.22,"(40.0, 45.0]","(10.0, 15.0]"
1808,521.0,141.28571428571428,24,pos12,rep1,2.0,33.865,9.183571428571428,"(30.0, 35.0]","(5.0, 10.0]"
1809,437.02645502645504,176.5026455026455,24,pos12,rep1,2.0,28.406719576719578,11.472671957671958,"(25.0, 30.0]","(10.0, 15.0]"
1815,248.625,156.34375,26,pos12,rep1,2.1666666666666665,16.160625,10.16234375,"(15.0, 20.0]","(10.0, 15.0]"
1817,435.975352112676,220.39084507042253,26,pos12,rep1,2.1666666666666665,28.33839788732394,14.325404929577465,"(25.0, 30.0]","(10.0, 15.0]"
1824,613.1842105263158,227.23684210526315,27,pos12,rep1,2.25,39.85697368421053,14.770394736842105,"(35.0, 40.0]","(10.0, 15.0]"
1829,55.73529411764706,173.08823529411765,28,pos12,rep1,2.333333333333333,3.622794117647059,11.250735294117648,"(-0.001, 5.0]","(10.0, 15.0]"
1840,397.41818181818184,248.0909090909091,30,pos12,rep1,2.5,25.83218181818182,16.12590909090909,"(25.0, 30.0]","(15.0, 20.0]"
1853,134.6764705882353,282.0882352941176,32,pos12,rep1,2.6666666666666665,8.753970588235296,18.335735294117647,"(5.0, 10.0]","(15.0, 20.0]"
1860,258.35632183908046,210.33333333333337,33,pos12,rep1,2.75,16.79316091954023,13.67166666666667,"(15.0, 20.0]","(10.0, 15.0]"
1867,498.9382716049383,192.1851851851852,34,pos12,rep1,2.833333333333333,32.43098765432099,12.492037037037038,"(30.0, 35.0]","(10.0, 15.0]"
1868,120.56521739130434,202.04347826086956,34,pos12,rep1,2.833333333333333,7.836739130434783,13.132826086956522,"(5.0, 10.0]","(10.0, 15.0]"
1885,343.30555555555554,342.9166666666667,35,pos12,rep1,2.9166666666666665,22.31486111111111,22.289583333333336,"(20.0, 25.0]","(20.0, 25.0]"
1908,686.4909090909091,206.85454545454544,38,pos12,rep1,3.1666666666666665,44.62190909090909,13.445545454545455,"(40.0, 45.0]","(10.0, 15.0]"
1936,182.74074074074073,345.05555555555554,40,pos12,rep1,3.333333333333333,11.878148148148147,22.42861111111111,"(10.0, 15.0]","(20.0, 25.0]"
2033,686.5510204081633,140.85714285714286,52,pos12,rep1,4.333333333333333,44.62581632653061,9.155714285714286,"(40.0, 45.0]","(5.0, 10.0]"
2073,741.7543859649123,308.89473684210526,58,pos12,rep1,4.833333333333333,48.2140350877193,20.078157894736844,"(45.0, 50.0]","(20.0, 25.0]"
2118,140.58490566037736,88.9622641509434,64,pos12,rep1,5.333333333333333,9.13801886792453,5.782547169811321,"(5.0, 10.0]","(5.0, 10.0]"
2121,392.7083333333333,490.5208333333333,64,pos12,rep1,5.333333333333333,25.526041666666668,31.883854166666666,"(25.0, 30.0]","(30.0, 35.0]"
2200,290.0769230769231,128.39743589743588,77,pos12,rep1,6.416666666666666,18.855,8.345833333333333,"(15.0, 20.0]","(5.0, 10.0]"
2680,745.1428571428571,111.07142857142856,23,pos13,rep1,1.9166666666666665,48.434285714285714,7.219642857142857,"(45.0, 50.0]","(5.0, 10.0]"
2685,632.2058823529412,186.35294117647055,24,pos13,rep1,2.0,41.093382352941184,12.112941176470587,"(40.0, 45.0]","(10.0, 15.0]"
2686,668.2162162162163,223.0810810810811,24,pos13,rep1,2.0,43.43405405405406,14.500270270270272,"(40.0, 45.0]","(10.0, 15.0]"
2691,569.2987012987013,224.9935064935065,25,pos13,rep1,2.083333333333333,37.00441558441558,14.624577922077922,"(35.0, 40.0]","(10.0, 15.0]"
2705,407.9848484848485,196.7121212121212,28,pos13,rep1,2.333333333333333,26.519015151515152,12.786287878787878,"(25.0, 30.0]","(10.0, 15.0]"
2709,688.2142857142857,278.0357142857143,28,pos13,rep1,2.333333333333333,44.73392857142857,18.072321428571428,"(40.0, 45.0]","(15.0, 20.0]"
2710,587.3061224489796,284.55102040816325,28,pos13,rep1,2.333333333333333,38.174897959183674,18.495816326530612,"(35.0, 40.0]","(15.0, 20.0]"
2723,361.6616541353383,236.69924812030075,30,pos13,rep1,2.5,23.50800751879699,15.385451127819548,"(20.0, 25.0]","(15.0, 20.0]"
2733,73.125,251.6625,31,pos13,rep1,2.583333333333333,4.753125,16.3580625,"(-0.001, 5.0]","(15.0, 20.0]"
2736,58.56521739130435,328.0,31,pos13,rep1,2.583333333333333,3.806739130434783,21.32,"(-0.001, 5.0]","(20.0, 25.0]"
2737,640.7190082644628,337.46280991735534,31,pos13,rep1,2.583333333333333,41.64673553719008,21.9350826446281,"(40.0, 45.0]","(20.0, 25.0]"
2739,609.6274509803922,127.58823529411764,32,pos13,rep1,2.6666666666666665,39.62578431372549,8.293235294117647,"(35.0, 40.0]","(5.0, 10.0]"
2748,676.4152046783626,146.4093567251462,33,pos13,rep1,2.75,43.96698830409357,9.516608187134503,"(40.0, 45.0]","(5.0, 10.0]"
2753,369.6623376623377,130.05194805194805,34,pos13,rep1,2.833333333333333,24.02805194805195,8.453376623376624,"(20.0, 25.0]","(5.0, 10.0]"
2755,212.72727272727272,215.66666666666663,34,pos13,rep1,2.833333333333333,13.827272727272728,14.01833333333333,"(10.0, 15.0]","(10.0, 15.0]"
2757,219.70967741935485,285.1161290322581,34,pos13,rep1,2.833333333333333,14.281129032258066,18.532548387096774,"(10.0, 15.0]","(15.0, 20.0]"
2761,354.6885245901639,196.39344262295083,35,pos13,rep1,2.9166666666666665,23.054754098360657,12.765573770491804,"(20.0, 25.0]","(10.0, 15.0]"
2769,436.57894736842104,278.82456140350877,36,pos13,rep1,3.0,28.37763157894737,18.12359649122807,"(25.0, 30.0]","(15.0, 20.0]"
2797,244.47008547008548,184.78347578347575,43,pos13,rep1,3.583333333333333,15.890555555555556,12.010925925925925,"(15.0, 20.0]","(10.0, 15.0]"
2805,746.8181818181819,181.0,44,pos13,rep1,3.6666666666666665,48.54318181818182,11.765,"(45.0, 50.0]","(10.0, 15.0]"
2829,306.688679245283,137.3820754716981,48,pos13,rep1,4.0,19.934764150943398,8.929834905660377,"(15.0, 20.0]","(5.0, 10.0]"
2836,575.1395348837209,63.74418604651163,50,pos13,rep1,4.166666666666666,37.38406976744186,4.143372093023256,"(35.0, 40.0]","(-0.001, 5.0]"
2885,151.68493150684932,133.97260273972603,57,pos13,rep1,4.75,9.859520547945207,8.708219178082192,"(5.0, 10.0]","(5.0, 10.0]"
2896,507.7894736842105,181.43859649122808,59,pos13,rep1,4.916666666666666,33.00631578947368,11.793508771929826,"(30.0, 35.0]","(10.0, 15.0]"
2927,451.258064516129,81.43548387096774,64,pos13,rep1,5.333333333333333,29.331774193548387,5.293306451612904,"(25.0, 30.0]","(5.0, 10.0]"
2986,679.5172413793103,465.8793103448275,76,pos13,rep1,6.333333333333333,44.16862068965517,30.282155172413788,"(40.0, 45.0]","(30.0, 35.0]"
3001,271.6222222222222,126.94444444444444,78,pos13,rep1,6.5,17.655444444444445,8.251388888888888,"(15.0, 20.0]","(5.0, 10.0]"
3011,263.53333333333336,181.53333333333333,80,pos13,rep1,6.666666666666666,17.12966666666667,11.799666666666667,"(15.0, 20.0]","(10.0, 15.0]"
3654,14.028301886792454,314.14150943396226,21,pos14,rep1,1.75,0.9118396226415095,20.419198113207546,"(-0.001, 5.0]","(20.0, 25.0]"
3655,525.7443181818181,246.42613636363637,22,pos14,rep1,1.8333333333333333,34.17338068181818,16.017698863636365,"(30.0, 35.0]","(15.0, 20.0]"
3656,639.4054054054054,279.7567567567568,23,pos14,rep1,1.9166666666666665,41.561351351351355,18.18418918918919,"(40.0, 45.0]","(15.0, 20.0]"
3659,679.8484848484849,258.6757575757576,24,pos14,rep1,2.0,44.19015151515152,16.813924242424243,"(40.0, 45.0]","(15.0, 20.0]"
3661,114.76041666666669,10.3125,25,pos14,rep1,2.083333333333333,7.459427083333335,0.6703125,"(5.0, 10.0]","(-0.001, 5.0]"
3666,684.7659574468086,172.82978723404256,26,pos14,rep1,2.1666666666666665,44.509787234042555,11.233936170212766,"(40.0, 45.0]","(10.0, 15.0]"
3675,54.25806451612903,214.56989247311827,28,pos14,rep1,2.333333333333333,3.526774193548387,13.947043010752688,"(-0.001, 5.0]","(10.0, 15.0]"
3678,744.697247706422,342.72477064220186,28,pos14,rep1,2.333333333333333,48.40532110091743,22.277110091743122,"(45.0, 50.0]","(20.0, 25.0]"
3679,181.23622047244095,158.3464566929134,29,pos14,rep1,2.4166666666666665,11.780354330708661,10.292519685039371,"(10.0, 15.0]","(10.0, 15.0]"
3682,12.371794871794872,209.69230769230768,29,pos14,rep1,2.4166666666666665,0.8041666666666667,13.629999999999999,"(-0.001, 5.0]","(10.0, 15.0]"
3683,557.4655172413793,248.67241379310343,29,pos14,rep1,2.4166666666666665,36.235258620689656,16.163706896551723,"(35.0, 40.0]","(15.0, 20.0]"
3687,520.5961538461538,143.96794871794873,30,pos14,rep1,2.5,33.83875,9.357916666666668,"(30.0, 35.0]","(5.0, 10.0]"
3688,110.8609865470852,169.77578475336324,30,pos14,rep1,2.5,7.205964125560539,11.035426008968612,"(5.0, 10.0]","(10.0, 15.0]"
3690,342.6930693069307,216.32673267326732,31,pos14,rep1,2.583333333333333,22.275049504950495,14.061237623762375,"(20.0, 25.0]","(10.0, 15.0]"
3704,181.8046875,191.50390625,34,pos14,rep1,2.833333333333333,11.8173046875,12.44775390625,"(10.0, 15.0]","(10.0, 15.0]"
3707,655.0681818181819,387.79545454545456,34,pos14,rep1,2.833333333333333,42.579431818181824,25.206704545454546,"(40.0, 45.0]","(25.0, 30.0]"
3733,670.6034482758621,340.3965517241379,37,pos14,rep1,3.083333333333333,43.58922413793104,22.125775862068966,"(40.0, 45.0]","(20.0, 25.0]"
3737,326.1897233201581,169.23715415019765,38,pos14,rep1,3.1666666666666665,21.202332015810278,11.000415019762848,"(20.0, 25.0]","(10.0, 15.0]"
3740,216.3015873015873,221.87301587301587,38,pos14,rep1,3.1666666666666665,14.059603174603174,14.421746031746032,"(10.0, 15.0]","(10.0, 15.0]"
3747,200.8106060606061,192.4090909090909,39,pos14,rep1,3.25,13.052689393939396,12.50659090909091,"(10.0, 15.0]","(10.0, 15.0]"
3750,384.47222222222223,267.9166666666667,39,pos14,rep1,3.25,24.990694444444447,17.414583333333336,"(20.0, 25.0]","(15.0, 20.0]"
3790,401.8571428571428,75.31972789115646,45,pos14,rep1,3.75,26.120714285714282,4.89578231292517,"(25.0, 30.0]","(-0.001, 5.0]"
3794,249.63333333333333,374.01666666666665,45,pos14,rep1,3.75,16.226166666666668,24.311083333333332,"(15.0, 20.0]","(20.0, 25.0]"
3812,618.9117647058823,132.5,48,pos14,rep1,4.0,40.22926470588235,8.6125,"(40.0, 45.0]","(5.0, 10.0]"
3820,413.8944099378882,20.67080745341615,49,pos14,rep1,4.083333333333333,26.903136645962736,1.3436024844720498,"(25.0, 30.0]","(-0.001, 5.0]"
3826,38.14634146341464,419.780487804878,49,pos14,rep1,4.083333333333333,2.479512195121952,27.285731707317073,"(-0.001, 5.0]","(25.0, 30.0]"
3829,489.5,249.8846153846154,50,pos14,rep1,4.166666666666666,31.817500000000003,16.2425,"(30.0, 35.0]","(15.0, 20.0]"
3840,442.0,279.0357142857143,51,pos14,rep1,4.25,28.73,18.13732142857143,"(25.0, 30.0]","(15.0, 20.0]"
3849,426.0617283950617,50.81481481481482,52,pos14,rep1,4.333333333333333,27.694012345679013,3.302962962962963,"(25.0, 30.0]","(-0.001, 5.0]"
3886,516.2857142857143,112.78571428571428,55,pos14,rep1,4.583333333333333,33.55857142857143,7.331071428571429,"(30.0, 35.0]","(5.0, 10.0]"
3901,635.2830188679245,441.20754716981133,56,pos14,rep1,4.666666666666666,41.2933962264151,28.678490566037738,"(40.0, 45.0]","(25.0, 30.0]"
4582,742.8068181818181,198.3068181818182,9,pos15,rep1,0.75,48.28244318181818,12.889943181818182,"(45.0, 50.0]","(10.0, 15.0]"
4584,378.56140350877195,172.4561403508772,24,pos15,rep1,2.0,24.606491228070176,11.209649122807019,"(20.0, 25.0]","(10.0, 15.0]"
4589,542.8039215686274,186.86274509803923,29,pos15,rep1,2.4166666666666665,35.28225490196078,12.14607843137255,"(35.0, 40.0]","(10.0, 15.0]"
4595,56.763636363636365,177.34545454545454,31,pos15,rep1,2.583333333333333,3.689636363636364,11.527454545454546,"(-0.001, 5.0]","(10.0, 15.0]"
4597,410.4383561643835,89.01369863013699,32,pos15,rep1,2.6666666666666665,26.67849315068493,5.785890410958904,"(25.0, 30.0]","(5.0, 10.0]"
4598,96.04225352112675,152.69014084507043,32,pos15,rep1,2.6666666666666665,6.242746478873239,9.924859154929578,"(5.0, 10.0]","(5.0, 10.0]"
4599,136.14864864864865,186.0540540540541,32,pos15,rep1,2.6666666666666665,8.849662162162161,12.093513513513516,"(5.0, 10.0]","(10.0, 15.0]"
4600,538.2539682539683,295.37301587301585,32,pos15,rep1,2.6666666666666665,34.98650793650794,19.199246031746032,"(30.0, 35.0]","(15.0, 20.0]"
4602,539.2567567567568,192.0,34,pos15,rep1,2.833333333333333,35.05168918918919,12.48,"(35.0, 40.0]","(10.0, 15.0]"
4604,583.5,290.9,34,pos15,rep1,2.833333333333333,37.9275,18.9085,"(35.0, 40.0]","(15.0, 20.0]"
4619,538.9018404907976,40.50306748466258,38,pos15,rep1,3.1666666666666665,35.02861963190184,2.632699386503068,"(35.0, 40.0]","(-0.001, 5.0]"
4622,655.8510638297872,243.93617021276592,38,pos15,rep1,3.1666666666666665,42.630319148936174,15.855851063829785,"(40.0, 45.0]","(15.0, 20.0]"
4630,206.04615384615383,181.15384615384616,40,pos15,rep1,3.333333333333333,13.392999999999999,11.775,"(10.0, 15.0]","(10.0, 15.0]"
4636,503.031746031746,169.44444444444446,42,pos15,rep1,3.5,32.69706349206349,11.01388888888889,"(30.0, 35.0]","(10.0, 15.0]"
4641,402.79545454545456,65.38636363636364,43,pos15,rep1,3.583333333333333,26.181704545454547,4.250113636363637,"(25.0, 30.0]","(-0.001, 5.0]"
4643,272.35483870967744,369.4838709677419,43,pos15,rep1,3.583333333333333,17.703064516129032,24.016451612903225,"(15.0, 20.0]","(20.0, 25.0]"
4650,606.0869565217391,144.0,46,pos15,rep1,3.833333333333333,39.39565217391304,9.36,"(35.0, 40.0]","(5.0, 10.0]"
4653,736.6969696969697,300.0,47,pos15,rep1,3.9166666666666665,47.885303030303035,19.5,"(45.0, 50.0]","(15.0, 20.0]"
4661,9.813333333333333,401.0133333333333,50,pos15,rep1,4.166666666666666,0.6378666666666667,26.06586666666667,"(-0.001, 5.0]","(25.0, 30.0]"
4694,257.029702970297,136.79207920792078,59,pos15,rep1,4.916666666666666,16.706930693069307,8.891485148514851,"(15.0, 20.0]","(5.0, 10.0]"
4746,652.7164179104477,449.14925373134326,72,pos15,rep1,6.0,42.426567164179104,29.194701492537313,"(40.0, 45.0]","(25.0, 30.0]"
5276,730.457627118644,224.5593220338983,26,pos16,rep1,2.1666666666666665,47.479745762711865,14.59635593220339,"(45.0, 50.0]","(10.0, 15.0]"
5287,5.849462365591398,235.04301075268816,30,pos16,rep1,2.5,0.3802150537634409,15.27779569892473,"(-0.001, 5.0]","(15.0, 20.0]"
5290,186.0408163265306,263.2857142857143,31,pos16,rep1,2.583333333333333,12.092653061224489,17.11357142857143,"(10.0, 15.0]","(15.0, 20.0]"
5293,214.36559139784947,328.61290322580646,31,pos16,rep1,2.583333333333333,13.933763440860217,21.359838709677422,"(10.0, 15.0]","(20.0, 25.0]"
5303,347.5,186.28571428571428,34,pos16,rep1,2.833333333333333,22.587500000000002,12.108571428571429,"(20.0, 25.0]","(10.0, 15.0]"
5304,64.7457627118644,215.2542372881356,34,pos16,rep1,2.833333333333333,4.208474576271186,13.991525423728815,"(-0.001, 5.0]","(10.0, 15.0]"
5316,542.4491525423729,257.4491525423729,37,pos16,rep1,3.083333333333333,35.25919491525424,16.734194915254236,"(35.0, 40.0]","(15.0, 20.0]"
5318,352.7692307692308,185.07692307692307,38,pos16,rep1,3.1666666666666665,22.93,12.03,"(20.0, 25.0]","(10.0, 15.0]"
5324,673.3150684931506,201.013698630137,39,pos16,rep1,3.25,43.76547945205479,13.065890410958904,"(40.0, 45.0]","(10.0, 15.0]"
5332,467.0657894736842,214.27631578947367,40,pos16,rep1,3.333333333333333,30.359276315789476,13.92796052631579,"(30.0, 35.0]","(10.0, 15.0]"
5333,162.67045454545453,236.32954545454547,40,pos16,rep1,3.333333333333333,10.573579545454544,15.361420454545456,"(10.0, 15.0]","(15.0, 20.0]"
5340,272.1578947368421,205.52631578947367,42,pos16,rep1,3.5,17.690263157894737,13.359210526315788,"(15.0, 20.0]","(10.0, 15.0]"
5373,192.592,189.736,49,pos16,rep1,4.083333333333333,12.518480000000002,12.33284,"(10.0, 15.0]","(10.0, 15.0]"
5390,133.42105263157896,159.80701754385964,52,pos16,rep1,4.333333333333333,8.672368421052633,10.387456140350878,"(5.0, 10.0]","(10.0, 15.0]"
5405,126.75510204081633,137.60204081632654,55,pos16,rep1,4.583333333333333,8.239081632653061,8.944132653061224,"(5.0, 10.0]","(5.0, 10.0]"
5434,408.2643979057591,161.3455497382199,61,pos16,rep1,5.083333333333333,26.537185863874342,10.487460732984292,"(25.0, 30.0]","(10.0, 15.0]"
5486,5.368421052631579,131.5,70,pos16,rep1,5.833333333333333,0.3489473684210526,8.5475,"(-0.001, 5.0]","(5.0, 10.0]"
6259,17.646341463414632,115.3109756097561,24,pos17,rep1,2.0,1.1470121951219512,7.495213414634146,"(-0.001, 5.0]","(5.0, 10.0]"
6261,53.0377358490566,211.6981132075472,26,pos17,rep1,2.1666666666666665,3.4474528301886793,13.760377358490569,"(-0.001, 5.0]","(10.0, 15.0]"
6265,334.09558823529414,152.53676470588235,29,pos17,rep1,2.4166666666666665,21.71621323529412,9.914889705882352,"(20.0, 25.0]","(5.0, 10.0]"
6267,351.8296296296296,206.93333333333337,29,pos17,rep1,2.4166666666666665,22.868925925925925,13.450666666666669,"(20.0, 25.0]","(10.0, 15.0]"
6272,638.6545454545454,107.23636363636363,31,pos17,rep1,2.583333333333333,41.51254545454545,6.970363636363636,"(40.0, 45.0]","(5.0, 10.0]"
6273,723.936170212766,132.0212765957447,31,pos17,rep1,2.583333333333333,47.05585106382979,8.581382978723406,"(45.0, 50.0]","(5.0, 10.0]"
6274,416.9264705882353,212.14705882352945,31,pos17,rep1,2.583333333333333,27.100220588235295,13.789558823529415,"(25.0, 30.0]","(10.0, 15.0]"
6278,150.02173913043478,272.80434782608694,32,pos17,rep1,2.6666666666666665,9.75141304347826,17.73228260869565,"(5.0, 10.0]","(15.0, 20.0]"
6281,695.5094339622641,318.07547169811323,32,pos17,rep1,2.6666666666666665,45.208113207547164,20.674905660377362,"(45.0, 50.0]","(20.0, 25.0]"
6282,109.8125,261.5625,33,pos17,rep1,2.75,7.1378125,17.001562500000002,"(5.0, 10.0]","(15.0, 20.0]"
6284,426.2595419847328,299.7519083969466,33,pos17,rep1,2.75,27.70687022900763,19.483874045801528,"(25.0, 30.0]","(15.0, 20.0]"
6287,571.3015873015873,237.44444444444449,34,pos17,rep1,2.833333333333333,37.13460317460318,15.433888888888893,"(35.0, 40.0]","(15.0, 20.0]"
6301,437.9873417721519,55.87341772151899,37,pos17,rep1,3.083333333333333,28.469177215189877,3.6317721518987347,"(25.0, 30.0]","(-0.001, 5.0]"
6304,640.5925925925926,302.8888888888889,37,pos17,rep1,3.083333333333333,41.638518518518524,19.68777777777778,"(40.0, 45.0]","(15.0, 20.0]"
6312,25.78688524590164,293.0655737704918,38,pos17,rep1,3.1666666666666665,1.6761475409836066,19.04926229508197,"(-0.001, 5.0]","(15.0, 20.0]"
6315,557.3834586466165,126.593984962406,39,pos17,rep1,3.25,36.22992481203008,8.22860902255639,"(35.0, 40.0]","(5.0, 10.0]"
6322,483.82608695652175,104.47826086956522,40,pos17,rep1,3.333333333333333,31.448695652173914,6.791086956521739,"(30.0, 35.0]","(5.0, 10.0]"
6333,275.8509803921569,202.47058823529412,41,pos17,rep1,3.4166666666666665,17.930313725490198,13.160588235294117,"(15.0, 20.0]","(10.0, 15.0]"
6341,265.5652173913044,414.2608695652174,41,pos17,rep1,3.4166666666666665,17.261739130434783,26.92695652173913,"(15.0, 20.0]","(25.0, 30.0]"
6344,644.4081632653061,258.5612244897959,42,pos17,rep1,3.5,41.886530612244904,16.806479591836734,"(40.0, 45.0]","(15.0, 20.0]"
6348,405.6514285714286,147.06857142857143,43,pos17,rep1,3.583333333333333,26.36734285714286,9.559457142857143,"(25.0, 30.0]","(5.0, 10.0]"
6357,651.7015706806283,214.1884816753927,44,pos17,rep1,3.6666666666666665,42.36060209424084,13.922251308900526,"(40.0, 45.0]","(10.0, 15.0]"
6365,556.4666666666667,185.53333333333333,45,pos17,rep1,3.75,36.17033333333334,12.059666666666667,"(35.0, 40.0]","(10.0, 15.0]"
6375,328.8235294117647,315.6470588235294,46,pos17,rep1,3.833333333333333,21.373529411764707,20.51705882352941,"(20.0, 25.0]","(20.0, 25.0]"
6422,674.8076923076923,304.59615384615387,52,pos17,rep1,4.333333333333333,43.8625,19.798750000000002,"(40.0, 45.0]","(15.0, 20.0]"
6448,709.8426966292135,217.85393258426967,55,pos17,rep1,4.583333333333333,46.13977528089888,14.16050561797753,"(45.0, 50.0]","(10.0, 15.0]"
6470,503.4918032786885,199.31147540983608,59,pos17,rep1,4.916666666666666,32.726967213114754,12.955245901639346,"(30.0, 35.0]","(10.0, 15.0]"
7285,239.5,20.5,164,pos17,rep1,13.666666666666666,15.5675,1.3325,"(15.0, 20.0]","(-0.001, 5.0]"
7344,132.50375939849624,193.2330827067669,25,pos19,rep1,2.083333333333333,8.612744360902257,12.56015037593985,"(5.0, 10.0]","(10.0, 15.0]"
7347,650.9555555555555,196.7111111111111,26,pos19,rep1,2.1666666666666665,42.31211111111111,12.786222222222223,"(40.0, 45.0]","(10.0, 15.0]"
7352,620.25,76.61666666666666,30,pos19,rep1,2.5,40.316250000000004,4.980083333333333,"(40.0, 45.0]","(-0.001, 5.0]"
7353,96.37414965986396,225.06802721088437,31,pos19,rep1,2.583333333333333,6.2643197278911575,14.629421768707484,"(5.0, 10.0]","(10.0, 15.0]"
7360,67.10204081632654,90.79591836734694,33,pos19,rep1,2.75,4.361632653061225,5.901734693877551,"(-0.001, 5.0]","(5.0, 10.0]"
7361,252.84821428571428,173.27678571428572,33,pos19,rep1,2.75,16.435133928571428,11.262991071428573,"(15.0, 20.0]","(10.0, 15.0]"
7364,244.78823529411764,211.21176470588236,34,pos19,rep1,2.833333333333333,15.911235294117647,13.728764705882353,"(15.0, 20.0]","(10.0, 15.0]"
7369,100.57055214723928,164.8159509202454,36,pos19,rep1,3.0,6.5370858895705535,10.713036809815952,"(5.0, 10.0]","(10.0, 15.0]"
7389,125.86693548387096,338.65725806451616,41,pos19,rep1,3.4166666666666665,8.181350806451613,22.01272177419355,"(5.0, 10.0]","(20.0, 25.0]"
7406,727.1,253.35,45,pos19,rep1,3.75,47.261500000000005,16.46775,"(45.0, 50.0]","(15.0, 20.0]"
7411,523.5,219.88636363636363,46,pos19,rep1,3.833333333333333,34.0275,14.292613636363637,"(30.0, 35.0]","(10.0, 15.0]"
7413,734.4146341463414,352.8536585365854,46,pos19,rep1,3.833333333333333,47.73695121951219,22.93548780487805,"(45.0, 50.0]","(20.0, 25.0]"
7505,479.18840579710144,255.82608695652175,63,pos19,rep1,5.25,31.147246376811594,16.628695652173914,"(30.0, 35.0]","(15.0, 20.0]"
7554,737.3673469387755,246.1428571428571,69,pos19,rep1,5.75,47.92887755102041,15.999285714285712,"(45.0, 50.0]","(15.0, 20.0]"
7562,480.4918032786885,297.57377049180326,70,pos19,rep1,5.833333333333333,31.231967213114753,19.34229508196721,"(30.0, 35.0]","(15.0, 20.0]"
7945,404.74285714285713,81.97142857142858,110,pos19,rep1,9.166666666666666,26.308285714285713,5.328142857142858,"(25.0, 30.0]","(5.0, 10.0]"
1,742.9605263157895,337.94736842105266,34,pos8,rep2,2.833333333333333,48.29243421052632,21.966578947368422,"(45.0, 50.0]","(20.0, 25.0]"
2,743.027027027027,237.6216216216216,35,pos8,rep2,2.9166666666666665,48.29675675675676,15.445405405405406,"(45.0, 50.0]","(15.0, 20.0]"
3,10.117021276595745,262.5744680851064,35,pos8,rep2,2.9166666666666665,0.6576063829787234,17.067340425531917,"(-0.001, 5.0]","(15.0, 20.0]"
4,741.9537037037037,198.02777777777777,38,pos8,rep2,3.1666666666666665,48.22699074074074,12.871805555555556,"(45.0, 50.0]","(10.0, 15.0]"
5,592.3965517241379,297.6034482758621,38,pos8,rep2,3.1666666666666665,38.505775862068965,19.344224137931036,"(35.0, 40.0]","(15.0, 20.0]"
6,543.0526315789474,299.5,38,pos8,rep2,3.1666666666666665,35.29842105263158,19.4675,"(35.0, 40.0]","(15.0, 20.0]"
17,162.08695652173913,338.8985507246377,41,pos8,rep2,3.4166666666666665,10.535652173913043,22.02840579710145,"(10.0, 15.0]","(20.0, 25.0]"
26,555.6757679180887,198.51194539249147,42,pos8,rep2,3.5,36.118924914675766,12.903276450511946,"(35.0, 40.0]","(10.0, 15.0]"
27,695.8421052631579,230.47368421052633,42,pos8,rep2,3.5,45.22973684210527,14.980789473684212,"(45.0, 50.0]","(10.0, 15.0]"
30,356.921568627451,355.3333333333333,42,pos8,rep2,3.5,23.199901960784317,23.096666666666668,"(20.0, 25.0]","(20.0, 25.0]"
34,308.6568047337278,412.6627218934911,42,pos8,rep2,3.5,20.06269230769231,26.823076923076922,"(20.0, 25.0]","(25.0, 30.0]"
36,592.1285714285714,420.8428571428571,42,pos8,rep2,3.5,38.48835714285714,27.35478571428571,"(35.0, 40.0]","(25.0, 30.0]"
38,350.578125,441.765625,42,pos8,rep2,3.5,22.787578125,28.714765625000002,"(20.0, 25.0]","(25.0, 30.0]"
40,495.3018867924528,502.52830188679246,42,pos8,rep2,3.5,32.19462264150943,32.66433962264151,"(30.0, 35.0]","(30.0, 35.0]"
42,7.556701030927835,227.17525773195877,43,pos8,rep2,3.583333333333333,0.4911855670103093,14.76639175257732,"(-0.001, 5.0]","(10.0, 15.0]"
51,167.42162162162165,393.227027027027,43,pos8,rep2,3.583333333333333,10.882405405405407,25.55975675675676,"(10.0, 15.0]","(25.0, 30.0]"
56,373.53333333333336,238.55555555555551,44,pos8,rep2,3.6666666666666665,24.27966666666667,15.506111111111109,"(20.0, 25.0]","(15.0, 20.0]"
57,75.80874316939891,304.4863387978142,44,pos8,rep2,3.6666666666666665,4.927568306010929,19.791612021857922,"(-0.001, 5.0]","(15.0, 20.0]"
67,648.234375,379.421875,45,pos8,rep2,3.75,42.135234375,24.662421875,"(40.0, 45.0]","(20.0, 25.0]"
75,449.14864864864865,299.06756756756755,46,pos8,rep2,3.833333333333333,29.194662162162164,19.43939189189189,"(25.0, 30.0]","(15.0, 20.0]"
76,148.1864406779661,313.54237288135596,46,pos8,rep2,3.833333333333333,9.632118644067797,20.38025423728814,"(5.0, 10.0]","(20.0, 25.0]"
81,47.78181818181818,151.47272727272727,47,pos8,rep2,3.9166666666666665,3.105818181818182,9.845727272727272,"(-0.001, 5.0]","(5.0, 10.0]"
84,665.0820895522388,323.17910447761193,47,pos8,rep2,3.9166666666666665,43.230335820895526,21.006641791044775,"(40.0, 45.0]","(20.0, 25.0]"
90,307.97435897435895,304.3974358974359,48,pos8,rep2,4.0,20.01833333333333,19.785833333333336,"(20.0, 25.0]","(15.0, 20.0]"
96,241.94117647058823,302.6,49,pos8,rep2,4.083333333333333,15.726176470588236,19.669,"(15.0, 20.0]","(15.0, 20.0]"
112,359.0652173913044,315.3633540372671,50,pos8,rep2,4.166666666666666,23.339239130434784,20.49861801242236,"(20.0, 25.0]","(20.0, 25.0]"
121,75.49797570850203,203.31983805668017,51,pos8,rep2,4.25,4.907368421052632,13.215789473684211,"(-0.001, 5.0]","(10.0, 15.0]"
129,5.32,131.45333333333335,52,pos8,rep2,4.333333333333333,0.34580000000000005,8.544466666666668,"(-0.001, 5.0]","(5.0, 10.0]"
162,720.0588235294117,96.97058823529412,55,pos8,rep2,4.583333333333333,46.803823529411765,6.303088235294117,"(45.0, 50.0]","(5.0, 10.0]"
163,5.56989247311828,192.6989247311828,55,pos8,rep2,4.583333333333333,0.3620430107526882,12.525430107526883,"(-0.001, 5.0]","(10.0, 15.0]"
172,618.6704545454545,134.32954545454547,56,pos8,rep2,4.666666666666666,40.21357954545454,8.731420454545455,"(40.0, 45.0]","(5.0, 10.0]"
184,143.04545454545453,256.9318181818182,57,pos8,rep2,4.75,9.297954545454544,16.700568181818184,"(5.0, 10.0]","(15.0, 20.0]"
195,295.1901408450704,203.6549295774648,58,pos8,rep2,4.833333333333333,19.187359154929577,13.237570422535212,"(15.0, 20.0]","(10.0, 15.0]"
210,466.3684210526315,190.23684210526315,60,pos8,rep2,5.0,30.313947368421047,12.365394736842106,"(30.0, 35.0]","(10.0, 15.0]"
211,188.95652173913044,233.15942028985503,60,pos8,rep2,5.0,12.28217391304348,15.155362318840577,"(10.0, 15.0]","(15.0, 20.0]"
236,333.5925925925926,178.71604938271605,65,pos8,rep2,5.416666666666666,21.68351851851852,11.616543209876543,"(20.0, 25.0]","(10.0, 15.0]"
486,749.6236559139785,197.01075268817203,29,pos9,rep2,2.4166666666666665,48.7255376344086,12.805698924731182,"(45.0, 50.0]","(10.0, 15.0]"
487,11.588888888888889,164.4111111111111,31,pos9,rep2,2.583333333333333,0.7532777777777778,10.686722222222222,"(-0.001, 5.0]","(10.0, 15.0]"
488,11.287878787878787,272.24242424242425,32,pos9,rep2,2.6666666666666665,0.7337121212121211,17.695757575757575,"(-0.001, 5.0]","(15.0, 20.0]"
491,73.45833333333333,244.40625,36,pos9,rep2,3.0,4.774791666666666,15.88640625,"(-0.001, 5.0]","(15.0, 20.0]"
495,746.6483516483516,269.4065934065934,37,pos9,rep2,3.083333333333333,48.53214285714286,17.51142857142857,"(45.0, 50.0]","(15.0, 20.0]"
502,161.15686274509804,356.4901960784314,39,pos9,rep2,3.25,10.475196078431372,23.17186274509804,"(10.0, 15.0]","(20.0, 25.0]"
503,211.1159420289855,395.6521739130435,39,pos9,rep2,3.25,13.722536231884058,25.717391304347828,"(10.0, 15.0]","(25.0, 30.0]"
507,575.8714285714286,348.84285714285716,40,pos9,rep2,3.333333333333333,37.43164285714286,22.674785714285715,"(35.0, 40.0]","(20.0, 25.0]"
513,236.9433962264151,312.9056603773585,42,pos9,rep2,3.5,15.401320754716982,20.338867924528305,"(15.0, 20.0]","(20.0, 25.0]"
531,33.659574468085104,136.46808510638297,45,pos9,rep2,3.75,2.187872340425532,8.870425531914893,"(-0.001, 5.0]","(5.0, 10.0]"
536,688.1538461538462,137.6153846153846,46,pos9,rep2,3.833333333333333,44.730000000000004,8.945,"(40.0, 45.0]","(5.0, 10.0]"
543,324.0821917808219,272.9178082191781,47,pos9,rep2,3.9166666666666665,21.065342465753425,17.739657534246575,"(20.0, 25.0]","(15.0, 20.0]"
544,627.0,296.8235294117647,47,pos9,rep2,3.9166666666666665,40.755,19.293529411764705,"(40.0, 45.0]","(15.0, 20.0]"
549,538.1960784313726,228.31372549019608,48,pos9,rep2,4.0,34.98274509803922,14.840392156862746,"(30.0, 35.0]","(10.0, 15.0]"
562,633.1617647058823,400.75,49,pos9,rep2,4.083333333333333,41.155514705882354,26.048750000000002,"(40.0, 45.0]","(25.0, 30.0]"
586,306.2307692307692,174.34615384615384,52,pos9,rep2,4.333333333333333,19.905,11.3325,"(15.0, 20.0]","(10.0, 15.0]"
591,363.87567567567567,415.9567567567568,52,pos9,rep2,4.333333333333333,23.65191891891892,27.037189189189196,"(20.0, 25.0]","(25.0, 30.0]"
624,691.9428571428572,333.34285714285716,56,pos9,rep2,4.666666666666666,44.976285714285716,21.667285714285715,"(40.0, 45.0]","(20.0, 25.0]"
636,369.7317073170732,632.9024390243902,57,pos9,rep2,4.75,24.03256097560976,41.13865853658537,"(20.0, 25.0]","(40.0, 45.0]"
638,655.8636363636364,112.8030303030303,58,pos9,rep2,4.833333333333333,42.631136363636365,7.3321969696969695,"(40.0, 45.0]","(5.0, 10.0]"
640,140.41509433962264,124.32075471698111,58,pos9,rep2,4.833333333333333,9.126981132075471,8.080849056603773,"(5.0, 10.0]","(5.0, 10.0]"
641,62.878787878787875,131.5,58,pos9,rep2,4.833333333333333,4.087121212121212,8.5475,"(-0.001, 5.0]","(5.0, 10.0]"
651,312.78723404255317,126.48936170212764,59,pos9,rep2,4.916666666666666,20.331170212765958,8.221808510638297,"(20.0, 25.0]","(5.0, 10.0]"
665,705.3965517241379,91.60344827586206,60,pos9,rep2,5.0,45.850775862068964,5.9542241379310346,"(45.0, 50.0]","(5.0, 10.0]"
675,227.3030303030303,190.0,62,pos9,rep2,5.166666666666666,14.77469696969697,12.35,"(10.0, 15.0]","(10.0, 15.0]"
682,517.1527777777778,222.98611111111111,63,pos9,rep2,5.25,33.61493055555556,14.494097222222223,"(30.0, 35.0]","(10.0, 15.0]"
684,440.9347826086956,250.06521739130432,63,pos9,rep2,5.25,28.660760869565216,16.25423913043478,"(25.0, 30.0]","(15.0, 20.0]"
688,480.0,150.0,64,pos9,rep2,5.333333333333333,31.200000000000003,9.75,"(30.0, 35.0]","(5.0, 10.0]"
689,377.29801324503313,216.17880794701983,64,pos9,rep2,5.333333333333333,24.524370860927153,14.05162251655629,"(20.0, 25.0]","(10.0, 15.0]"
691,544.2282608695652,145.16304347826087,65,pos9,rep2,5.416666666666666,35.37483695652174,9.435597826086957,"(35.0, 40.0]","(5.0, 10.0]"
699,346.8965517241379,265.6896551724138,66,pos9,rep2,5.5,22.548275862068966,17.269827586206898,"(20.0, 25.0]","(15.0, 20.0]"
986,383.78409090909093,5.1477272727272725,9,pos10,rep2,0.75,24.945965909090912,0.3346022727272727,"(20.0, 25.0]","(-0.001, 5.0]"
987,319.0,10.1,16,pos10,rep2,1.3333333333333333,20.735,0.6565,"(20.0, 25.0]","(-0.001, 5.0]"
1015,11.070707070707073,502.24242424242425,36,pos10,rep2,3.0,0.7195959595959598,32.64575757575758,"(-0.001, 5.0]","(30.0, 35.0]"
1051,6.7625,246.6,54,pos10,rep2,4.5,0.4395625,16.029,"(-0.001, 5.0]","(15.0, 20.0]"
1052,108.5,340.5,54,pos10,rep2,4.5,7.0525,22.1325,"(5.0, 10.0]","(20.0, 25.0]"
1060,431.9066666666667,349.5466666666667,58,pos10,rep2,4.833333333333333,28.073933333333336,22.720533333333336,"(25.0, 30.0]","(20.0, 25.0]"
1063,430.57894736842104,140.19298245614036,59,pos10,rep2,4.916666666666666,27.98763157894737,9.112543859649124,"(25.0, 30.0]","(5.0, 10.0]"
1065,726.3181818181819,454.5757575757576,59,pos10,rep2,4.916666666666666,47.210681818181826,29.547424242424245,"(45.0, 50.0]","(25.0, 30.0]"
1067,11.89908256880734,353.0275229357798,60,pos10,rep2,5.0,0.7734403669724772,22.946788990825688,"(-0.001, 5.0]","(20.0, 25.0]"
1072,271.7642276422764,479.5040650406504,62,pos10,rep2,5.166666666666666,17.664674796747967,31.167764227642277,"(15.0, 20.0]","(30.0, 35.0]"
1075,163.9873417721519,205.873417721519,64,pos10,rep2,5.333333333333333,10.659177215189873,13.381772151898735,"(10.0, 15.0]","(10.0, 15.0]"
1582,737.7428571428571,236.02857142857144,19,pos11,rep2,1.5833333333333333,47.95328571428571,15.341857142857144,"(45.0, 50.0]","(15.0, 20.0]"
1584,738.551724137931,188.82758620689657,24,pos11,rep2,2.0,48.00586206896552,12.273793103448277,"(45.0, 50.0]","(10.0, 15.0]"
1586,738.2676056338029,283.22535211267603,30,pos11,rep2,2.5,47.98739436619719,18.409647887323942,"(45.0, 50.0]","(15.0, 20.0]"
1587,649.0,356.0,32,pos11,rep2,2.6666666666666665,42.185,23.14,"(40.0, 45.0]","(20.0, 25.0]"
1593,739.609756097561,344.4065040650407,35,pos11,rep2,2.9166666666666665,48.07463414634147,22.386422764227646,"(45.0, 50.0]","(20.0, 25.0]"
1594,99.01666666666668,389.51666666666665,35,pos11,rep2,2.9166666666666665,6.436083333333334,25.318583333333333,"(5.0, 10.0]","(25.0, 30.0]"
1596,12.548387096774194,250.70967741935485,36,pos11,rep2,3.0,0.8156451612903226,16.296129032258065,"(-0.001, 5.0]","(15.0, 20.0]"
1604,111.7517730496454,248.93617021276592,37,pos11,rep2,3.083333333333333,7.263865248226951,16.180851063829785,"(5.0, 10.0]","(15.0, 20.0]"
1614,7.944444444444445,403.55555555555554,38,pos11,rep2,3.1666666666666665,0.5163888888888889,26.23111111111111,"(-0.001, 5.0]","(25.0, 30.0]"
1623,7.411764705882353,182.0,40,pos11,rep2,3.333333333333333,0.481764705882353,11.83,"(-0.001, 5.0]","(10.0, 15.0]"
1654,4.589041095890411,58.57534246575342,43,pos11,rep2,3.583333333333333,0.29828767123287675,3.8073972602739725,"(-0.001, 5.0]","(-0.001, 5.0]"
1655,8.36231884057971,111.0,43,pos11,rep2,3.583333333333333,0.5435507246376812,7.215,"(-0.001, 5.0]","(5.0, 10.0]"
1656,362.5,148.92,43,pos11,rep2,3.583333333333333,23.5625,9.6798,"(20.0, 25.0]","(5.0, 10.0]"
1672,560.0,228.0,44,pos11,rep2,3.6666666666666665,36.4,14.82,"(35.0, 40.0]","(10.0, 15.0]"
1687,729.0969387755102,132.03571428571428,45,pos11,rep2,3.75,47.391301020408164,8.582321428571428,"(45.0, 50.0]","(5.0, 10.0]"
1695,357.5,539.15,45,pos11,rep2,3.75,23.2375,35.04475,"(20.0, 25.0]","(35.0, 40.0]"
1699,573.6433566433567,248.86013986013987,46,pos11,rep2,3.833333333333333,37.286818181818184,16.17590909090909,"(35.0, 40.0]","(15.0, 20.0]"
1724,495.90140845070425,144.90140845070422,48,pos11,rep2,4.0,32.23359154929578,9.418591549295774,"(30.0, 35.0]","(5.0, 10.0]"
1749,402.2391304347826,326.07246376811594,49,pos11,rep2,4.083333333333333,26.145543478260873,21.194710144927537,"(25.0, 30.0]","(20.0, 25.0]"
1750,282.089552238806,332.4119402985075,49,pos11,rep2,4.083333333333333,18.33582089552239,21.606776119402987,"(15.0, 20.0]","(20.0, 25.0]"
1763,313.55263157894734,304.94736842105266,50,pos11,rep2,4.166666666666666,20.380921052631578,19.821578947368423,"(20.0, 25.0]","(15.0, 20.0]"
1766,336.9347826086956,342.0652173913044,50,pos11,rep2,4.166666666666666,21.900760869565218,22.234239130434784,"(20.0, 25.0]","(20.0, 25.0]"
1815,299.15492957746477,398.2957746478873,53,pos11,rep2,4.416666666666666,19.44507042253521,25.889225352112675,"(15.0, 20.0]","(25.0, 30.0]"
1823,56.90909090909091,96.06060606060606,54,pos11,rep2,4.5,3.699090909090909,6.243939393939394,"(-0.001, 5.0]","(5.0, 10.0]"
1827,568.5,205.5,54,pos11,rep2,4.5,36.9525,13.3575,"(35.0, 40.0]","(10.0, 15.0]"
1829,476.0810810810811,300.5405405405405,54,pos11,rep2,4.5,30.94527027027027,19.535135135135135,"(30.0, 35.0]","(15.0, 20.0]"
1842,668.2484076433121,148.4140127388535,55,pos11,rep2,4.583333333333333,43.43614649681529,9.646910828025478,"(40.0, 45.0]","(5.0, 10.0]"
1845,477.18589743589746,185.93589743589743,55,pos11,rep2,4.583333333333333,31.017083333333336,12.085833333333333,"(30.0, 35.0]","(10.0, 15.0]"
1846,386.4,224.74,55,pos11,rep2,4.583333333333333,25.116,14.6081,"(25.0, 30.0]","(10.0, 15.0]"
1857,131.2,217.73333333333332,56,pos11,rep2,4.666666666666666,8.527999999999999,14.152666666666667,"(5.0, 10.0]","(10.0, 15.0]"
1926,267.675,167.48333333333332,62,pos11,rep2,5.166666666666666,17.398875,10.886416666666666,"(15.0, 20.0]","(10.0, 15.0]"
1939,654.4,67.0909090909091,64,pos11,rep2,5.333333333333333,42.536,4.360909090909091,"(40.0, 45.0]","(-0.001, 5.0]"
1941,161.77083333333334,174.91666666666666,64,pos11,rep2,5.333333333333333,10.515104166666667,11.369583333333333,"(10.0, 15.0]","(10.0, 15.0]"
2125,741.8051948051948,222.8961038961039,25,pos12,rep2,2.083333333333333,48.21733766233766,14.488246753246754,"(45.0, 50.0]","(10.0, 15.0]"
2128,7.637254901960785,79.57843137254902,30,pos12,rep2,2.5,0.496421568627451,5.1725980392156865,"(-0.001, 5.0]","(5.0, 10.0]"
2131,8.831168831168831,183.0,31,pos12,rep2,2.583333333333333,0.5740259740259741,11.895,"(-0.001, 5.0]","(10.0, 15.0]"
2132,9.582278481012658,246.32911392405063,31,pos12,rep2,2.583333333333333,0.6228481012658228,16.01139240506329,"(-0.001, 5.0]","(15.0, 20.0]"
2133,683.3544303797469,250.9746835443038,31,pos12,rep2,2.583333333333333,44.41803797468355,16.313354430379746,"(40.0, 45.0]","(15.0, 20.0]"
2134,739.46875,135.17708333333334,32,pos12,rep2,2.6666666666666665,48.06546875,8.786510416666667,"(45.0, 50.0]","(5.0, 10.0]"
2135,690.7142857142857,151.0,33,pos12,rep2,2.75,44.89642857142857,9.815,"(40.0, 45.0]","(5.0, 10.0]"
2136,713.375,326.0,33,pos12,rep2,2.75,46.369375000000005,21.19,"(45.0, 50.0]","(20.0, 25.0]"
2137,696.9545454545455,314.6363636363636,34,pos12,rep2,2.833333333333333,45.30204545454546,20.451363636363638,"(45.0, 50.0]","(20.0, 25.0]"
2139,613.0666666666667,233.26666666666668,35,pos12,rep2,2.9166666666666665,39.84933333333334,15.162333333333335,"(35.0, 40.0]","(15.0, 20.0]"
2141,85.45569620253164,279.0506329113924,35,pos12,rep2,2.9166666666666665,5.554620253164557,18.138291139240508,"(5.0, 10.0]","(15.0, 20.0]"
2148,8.084905660377359,147.52830188679246,37,pos12,rep2,3.083333333333333,0.5255188679245284,9.58933962264151,"(-0.001, 5.0]","(5.0, 10.0]"
2154,69.34939759036145,156.04819277108433,38,pos12,rep2,3.1666666666666665,4.507710843373494,10.143132530120482,"(-0.001, 5.0]","(10.0, 15.0]"
2169,531.3490566037735,307.2169811320755,41,pos12,rep2,3.4166666666666665,34.53768867924528,19.96910377358491,"(30.0, 35.0]","(15.0, 20.0]"
2174,166.8372093023256,414.86046511627904,41,pos12,rep2,3.4166666666666665,10.844418604651164,26.96593023255814,"(10.0, 15.0]","(25.0, 30.0]"
2182,77.94235588972431,400.71177944862154,42,pos12,rep2,3.5,5.06625313283208,26.0462656641604,"(5.0, 10.0]","(25.0, 30.0]"
2191,307.92537313432837,329.6194029850746,43,pos12,rep2,3.583333333333333,20.015149253731344,21.42526119402985,"(20.0, 25.0]","(20.0, 25.0]"
2200,227.5531914893617,442.7021276595744,43,pos12,rep2,3.583333333333333,14.79095744680851,28.775638297872337,"(10.0, 15.0]","(25.0, 30.0]"
2206,188.4058577405858,493.7970711297071,43,pos12,rep2,3.583333333333333,12.246380753138077,32.096809623430964,"(10.0, 15.0]","(30.0, 35.0]"
2214,162.74285714285713,385.8571428571428,44,pos12,rep2,3.6666666666666665,10.578285714285714,25.080714285714283,"(10.0, 15.0]","(25.0, 30.0]"
2221,477.5643564356435,422.5049504950495,44,pos12,rep2,3.6666666666666665,31.04168316831683,27.46282178217822,"(30.0, 35.0]","(25.0, 30.0]"
2234,416.5,333.5,45,pos12,rep2,3.75,27.0725,21.677500000000002,"(25.0, 30.0]","(20.0, 25.0]"
2236,582.5197368421053,419.2105263157895,45,pos12,rep2,3.75,37.86378289473685,27.248684210526317,"(35.0, 40.0]","(25.0, 30.0]"
2244,541.25,185.0,46,pos12,rep2,3.833333333333333,35.18125,12.025,"(35.0, 40.0]","(10.0, 15.0]"
2246,397.7241379310345,229.31034482758625,46,pos12,rep2,3.833333333333333,25.85206896551724,14.905172413793107,"(25.0, 30.0]","(10.0, 15.0]"
2292,251.6888888888889,595.4222222222222,48,pos12,rep2,4.0,16.35977777777778,38.702444444444446,"(15.0, 20.0]","(35.0, 40.0]"
2298,9.851063829787234,421.93617021276594,49,pos12,rep2,4.083333333333333,0.6403191489361703,27.425851063829786,"(-0.001, 5.0]","(25.0, 30.0]"
2329,54.04081632653061,377.2857142857143,51,pos12,rep2,4.25,3.5126530612244897,24.52357142857143,"(-0.001, 5.0]","(20.0, 25.0]"
2339,280.3965517241379,172.60344827586206,52,pos12,rep2,4.333333333333333,18.225775862068964,11.219224137931034,"(15.0, 20.0]","(10.0, 15.0]"
2361,489.1363636363636,143.70454545454547,54,pos12,rep2,4.5,31.793863636363636,9.340795454545455,"(30.0, 35.0]","(5.0, 10.0]"
2364,379.06779661016947,295.33898305084745,54,pos12,rep2,4.5,24.639406779661016,19.197033898305083,"(20.0, 25.0]","(15.0, 20.0]"
2378,494.3529411764706,179.0,55,pos12,rep2,4.583333333333333,32.13294117647059,11.635,"(30.0, 35.0]","(10.0, 15.0]"
2388,559.8510638297872,605.936170212766,55,pos12,rep2,4.583333333333333,36.39031914893617,39.38585106382979,"(35.0, 40.0]","(35.0, 40.0]"
2449,740.2745098039215,478.1372549019608,60,pos12,rep2,5.0,48.1178431372549,31.07892156862745,"(45.0, 50.0]","(30.0, 35.0]"
2457,193.58620689655172,153.5,61,pos12,rep2,5.083333333333333,12.583103448275862,9.977500000000001,"(10.0, 15.0]","(5.0, 10.0]"
2482,232.76363636363635,97.77272727272728,64,pos12,rep2,5.333333333333333,15.129636363636363,6.355227272727274,"(15.0, 20.0]","(5.0, 10.0]"
2636,746.2749003984064,279.28685258964146,26,pos13,rep2,2.1666666666666665,48.50786852589642,18.153645418326697,"(45.0, 50.0]","(15.0, 20.0]"
2638,6.372727272727273,49.77272727272727,29,pos13,rep2,2.4166666666666665,0.4142272727272728,3.235227272727273,"(-0.001, 5.0]","(-0.001, 5.0]"
2642,742.8861788617886,147.95934959349594,32,pos13,rep2,2.6666666666666665,48.28760162601626,9.617357723577237,"(45.0, 50.0]","(5.0, 10.0]"
2644,744.640625,96.28125,33,pos13,rep2,2.75,48.401640625,6.2582812500000005,"(45.0, 50.0]","(5.0, 10.0]"
2645,4.161490683229814,264.4472049689441,34,pos13,rep2,2.833333333333333,0.2704968944099379,17.189068322981367,"(-0.001, 5.0]","(15.0, 20.0]"
2648,678.5454545454545,208.27272727272728,35,pos13,rep2,2.9166666666666665,44.10545454545454,13.537727272727274,"(40.0, 45.0]","(10.0, 15.0]"
2661,37.41509433962264,343.188679245283,38,pos13,rep2,3.1666666666666665,2.431981132075472,22.307264150943396,"(-0.001, 5.0]","(20.0, 25.0]"
2667,85.65420560747664,296.02803738317755,39,pos13,rep2,3.25,5.567523364485981,19.24182242990654,"(5.0, 10.0]","(15.0, 20.0]"
2674,191.5,406.5,39,pos13,rep2,3.25,12.4475,26.4225,"(10.0, 15.0]","(25.0, 30.0]"
2675,317.04545454545456,405.9318181818182,39,pos13,rep2,3.25,20.607954545454547,26.385568181818183,"(20.0, 25.0]","(25.0, 30.0]"
2684,218.45,375.5785714285714,40,pos13,rep2,3.333333333333333,14.19925,24.412607142857144,"(10.0, 15.0]","(20.0, 25.0]"
2685,5.927835051546392,388.319587628866,40,pos13,rep2,3.333333333333333,0.3853092783505155,25.24077319587629,"(-0.001, 5.0]","(25.0, 30.0]"
2688,703.5977011494252,15.862068965517242,41,pos13,rep2,3.4166666666666665,45.73385057471264,1.0310344827586209,"(45.0, 50.0]","(-0.001, 5.0]"
2699,705.025974025974,131.44155844155844,42,pos13,rep2,3.5,45.826688311688315,8.543701298701299,"(45.0, 50.0]","(5.0, 10.0]"
2711,388.9880952380952,419.6547619047619,42,pos13,rep2,3.5,25.284226190476186,27.277559523809526,"(25.0, 30.0]","(25.0, 30.0]"
2721,16.79245283018868,12.716981132075473,43,pos13,rep2,3.583333333333333,1.0915094339622642,0.8266037735849058,"(-0.001, 5.0]","(-0.001, 5.0]"
2723,391.2190476190476,251.04761904761904,43,pos13,rep2,3.583333333333333,25.429238095238095,16.31809523809524,"(25.0, 30.0]","(15.0, 20.0]"
2760,325.4909090909091,339.92727272727274,45,pos13,rep2,3.75,21.156909090909092,22.09527272727273,"(20.0, 25.0]","(20.0, 25.0]"
2776,5.190476190476191,114.63809523809525,46,pos13,rep2,3.833333333333333,0.3373809523809524,7.451476190476192,"(-0.001, 5.0]","(5.0, 10.0]"
2779,142.55555555555554,145.2962962962963,46,pos13,rep2,3.833333333333333,9.26611111111111,9.44425925925926,"(5.0, 10.0]","(5.0, 10.0]"
2784,379.5686274509804,366.9607843137254,46,pos13,rep2,3.833333333333333,24.671960784313725,23.852450980392153,"(20.0, 25.0]","(20.0, 25.0]"
2786,746.7721518987341,422.17721518987344,46,pos13,rep2,3.833333333333333,48.540189873417724,27.441518987341773,"(45.0, 50.0]","(25.0, 30.0]"
2807,634.6461538461539,118.23076923076924,48,pos13,rep2,4.0,41.252,7.6850000000000005,"(40.0, 45.0]","(5.0, 10.0]"
2821,520.5,532.6428571428571,48,pos13,rep2,4.0,33.8325,34.621785714285714,"(30.0, 35.0]","(30.0, 35.0]"
2841,245.94444444444449,239.04166666666663,50,pos13,rep2,4.166666666666666,15.986388888888893,15.537708333333331,"(15.0, 20.0]","(15.0, 20.0]"
2855,322.3850931677019,630.0434782608696,50,pos13,rep2,4.166666666666666,20.955031055900623,40.95282608695653,"(20.0, 25.0]","(40.0, 45.0]"
2874,283.9281045751634,181.05228758169935,52,pos13,rep2,4.333333333333333,18.45532679738562,11.768398692810457,"(15.0, 20.0]","(10.0, 15.0]"
2875,475.41818181818184,178.2,52,pos13,rep2,4.333333333333333,30.90218181818182,11.583,"(30.0, 35.0]","(10.0, 15.0]"
2877,180.06521739130434,214.93478260869568,52,pos13,rep2,4.333333333333333,11.704239130434782,13.97076086956522,"(10.0, 15.0]","(10.0, 15.0]"
2879,479.44117647058823,298.0,52,pos13,rep2,4.333333333333333,31.163676470588236,19.37,"(30.0, 35.0]","(15.0, 20.0]"
2900,333.3484848484849,168.8939393939394,54,pos13,rep2,4.5,21.66765151515152,10.978106060606061,"(20.0, 25.0]","(10.0, 15.0]"
2910,648.0212765957447,90.27659574468083,55,pos13,rep2,4.583333333333333,42.1213829787234,5.867978723404255,"(40.0, 45.0]","(5.0, 10.0]"
2915,318.1111111111111,305.14814814814815,55,pos13,rep2,4.583333333333333,20.67722222222222,19.83462962962963,"(20.0, 25.0]","(15.0, 20.0]"
2939,503.8125,139.296875,57,pos13,rep2,4.75,32.7478125,9.054296875,"(30.0, 35.0]","(5.0, 10.0]"
2940,274.1276595744681,243.0,57,pos13,rep2,4.75,17.818297872340427,15.795,"(15.0, 20.0]","(15.0, 20.0]"
2947,539.3529411764706,146.5,58,pos13,rep2,4.833333333333333,35.05794117647059,9.5225,"(35.0, 40.0]","(5.0, 10.0]"
2952,447.8146214099217,435.73107049608353,58,pos13,rep2,4.833333333333333,29.107950391644913,28.32251958224543,"(25.0, 30.0]","(25.0, 30.0]"
2968,361.3492063492063,220.36507936507937,60,pos13,rep2,5.0,23.48769841269841,14.323730158730159,"(20.0, 25.0]","(10.0, 15.0]"
2974,41.84415584415584,86.15584415584415,61,pos13,rep2,5.083333333333333,2.71987012987013,5.60012987012987,"(-0.001, 5.0]","(5.0, 10.0]"
2975,467.85,161.03333333333333,61,pos13,rep2,5.083333333333333,30.41025,10.467166666666667,"(30.0, 35.0]","(10.0, 15.0]"
2980,187.04444444444445,94.53333333333332,62,pos13,rep2,5.166666666666666,12.15788888888889,6.144666666666666,"(10.0, 15.0]","(5.0, 10.0]"
3146,741.0777777777778,214.9111111111111,32,pos14,rep2,2.6666666666666665,48.17005555555556,13.969222222222221,"(45.0, 50.0]","(10.0, 15.0]"
3148,7.181318681318682,240.44505494505495,35,pos14,rep2,2.9166666666666665,0.4667857142857143,15.628928571428572,"(-0.001, 5.0]","(15.0, 20.0]"
3149,740.7380952380952,270.2857142857143,35,pos14,rep2,2.9166666666666665,48.147976190476186,17.568571428571428,"(45.0, 50.0]","(15.0, 20.0]"
3150,8.181818181818182,199.2525252525253,36,pos14,rep2,3.0,0.5318181818181819,12.951414141414144,"(-0.001, 5.0]","(10.0, 15.0]"
3151,5.8431372549019605,271.5,36,pos14,rep2,3.0,0.37980392156862747,17.6475,"(-0.001, 5.0]","(15.0, 20.0]"
3157,597.6065573770492,360.6885245901639,38,pos14,rep2,3.1666666666666665,38.844426229508194,23.444754098360654,"(35.0, 40.0]","(20.0, 25.0]"
3159,7.849056603773585,316.58490566037733,39,pos14,rep2,3.25,0.510188679245283,20.578018867924527,"(-0.001, 5.0]","(20.0, 25.0]"
3160,741.3142857142857,323.5,39,pos14,rep2,3.25,48.185428571428574,21.0275,"(45.0, 50.0]","(20.0, 25.0]"
3162,105.75,290.8125,40,pos14,rep2,3.333333333333333,6.87375,18.9028125,"(5.0, 10.0]","(15.0, 20.0]"
3163,542.1176470588235,297.5882352941176,40,pos14,rep2,3.333333333333333,35.23764705882353,19.343235294117648,"(35.0, 40.0]","(15.0, 20.0]"
3177,65.08474576271186,368.93220338983053,41,pos14,rep2,3.4166666666666665,4.230508474576271,23.980593220338985,"(-0.001, 5.0]","(20.0, 25.0]"
3187,200.15625,335.8125,42,pos14,rep2,3.5,13.01015625,21.8278125,"(10.0, 15.0]","(20.0, 25.0]"
3188,138.74418604651163,337.16279069767444,42,pos14,rep2,3.5,9.018372093023256,21.915581395348838,"(5.0, 10.0]","(20.0, 25.0]"
3204,145.85416666666666,387.8541666666667,43,pos14,rep2,3.583333333333333,9.480520833333333,25.210520833333334,"(5.0, 10.0]","(25.0, 30.0]"
3228,720.2065217391304,147.04891304347825,46,pos14,rep2,3.833333333333333,46.81342391304348,9.558179347826087,"(45.0, 50.0]","(5.0, 10.0]"
3246,467.18125,308.525,47,pos14,rep2,3.9166666666666665,30.36678125,20.054125,"(30.0, 35.0]","(20.0, 25.0]"
3259,359.5103448275862,232.26896551724136,48,pos14,rep2,4.0,23.368172413793104,15.09748275862069,"(20.0, 25.0]","(15.0, 20.0]"
3288,559.367088607595,235.3417721518987,50,pos14,rep2,4.166666666666666,36.35886075949367,15.297215189873416,"(35.0, 40.0]","(15.0, 20.0]"
3307,429.2923076923077,487.6923076923077,51,pos14,rep2,4.25,27.904,31.7,"(25.0, 30.0]","(30.0, 35.0]"
3341,432.0769230769231,265.6025641025641,55,pos14,rep2,4.583333333333333,28.085,17.264166666666668,"(25.0, 30.0]","(15.0, 20.0]"
3342,416.05882352941177,280.97058823529414,55,pos14,rep2,4.583333333333333,27.043823529411767,18.26308823529412,"(25.0, 30.0]","(15.0, 20.0]"
3350,316.0,324.0,56,pos14,rep2,4.666666666666666,20.54,21.060000000000002,"(20.0, 25.0]","(20.0, 25.0]"
3352,296.296875,350.640625,56,pos14,rep2,4.666666666666666,19.259296875,22.791640625,"(15.0, 20.0]","(20.0, 25.0]"
3367,626.6438356164383,103.57534246575342,57,pos14,rep2,4.75,40.731849315068494,6.732397260273973,"(40.0, 45.0]","(5.0, 10.0]"
3368,162.3783783783784,185.21621621621625,57,pos14,rep2,4.75,10.554594594594596,12.039054054054057,"(10.0, 15.0]","(10.0, 15.0]"
3370,434.55384615384617,300.95384615384614,57,pos14,rep2,4.75,28.246000000000002,19.562,"(25.0, 30.0]","(15.0, 20.0]"
3402,81.52173913043478,131.7391304347826,60,pos14,rep2,5.0,5.298913043478261,8.56304347826087,"(5.0, 10.0]","(5.0, 10.0]"
3403,451.1437125748503,245.39520958083833,60,pos14,rep2,5.0,29.32434131736527,15.950688622754491,"(25.0, 30.0]","(15.0, 20.0]"
3433,660.5945945945946,124.75675675675676,66,pos14,rep2,5.5,42.93864864864865,8.10918918918919,"(40.0, 45.0]","(5.0, 10.0]"
3435,281.6842105263158,302.6842105263158,66,pos14,rep2,5.5,18.309473684210527,19.674473684210525,"(15.0, 20.0]","(15.0, 20.0]"
3709,11.076923076923077,223.39743589743588,32,pos15,rep2,2.6666666666666665,0.72,14.520833333333332,"(-0.001, 5.0]","(10.0, 15.0]"
3710,9.238636363636363,187.0,33,pos15,rep2,2.75,0.6005113636363636,12.155000000000001,"(-0.001, 5.0]","(10.0, 15.0]"
3715,7.454545454545454,161.5,35,pos15,rep2,2.9166666666666665,0.48454545454545456,10.4975,"(-0.001, 5.0]","(10.0, 15.0]"
3716,736.0,238.1428571428571,35,pos15,rep2,2.9166666666666665,47.84,15.479285714285712,"(45.0, 50.0]","(15.0, 20.0]"
3724,35.00917431192661,256.6467889908257,37,pos15,rep2,3.083333333333333,2.2755963302752296,16.68204128440367,"(-0.001, 5.0]","(15.0, 20.0]"
3732,612.3428571428572,411.0571428571429,37,pos15,rep2,3.083333333333333,39.802285714285716,26.718714285714288,"(35.0, 40.0]","(25.0, 30.0]"
3740,304.1923076923077,309.2307692307692,38,pos15,rep2,3.1666666666666665,19.7725,20.1,"(15.0, 20.0]","(20.0, 25.0]"
3741,172.8780487804878,316.6829268292683,38,pos15,rep2,3.1666666666666665,11.237073170731707,20.58439024390244,"(10.0, 15.0]","(20.0, 25.0]"
3749,574.8941176470588,259.4,39,pos15,rep2,3.25,37.368117647058824,16.861,"(35.0, 40.0]","(15.0, 20.0]"
3753,15.301587301587302,317.55555555555554,39,pos15,rep2,3.25,0.9946031746031747,20.641111111111112,"(-0.001, 5.0]","(20.0, 25.0]"
3757,656.8571428571429,386.92857142857144,39,pos15,rep2,3.25,42.69571428571429,25.150357142857146,"(40.0, 45.0]","(25.0, 30.0]"
3764,116.79591836734694,215.0204081632653,40,pos15,rep2,3.333333333333333,7.591734693877552,13.976326530612246,"(5.0, 10.0]","(10.0, 15.0]"
3765,191.23333333333332,252.51666666666668,40,pos15,rep2,3.333333333333333,12.430166666666667,16.413583333333335,"(10.0, 15.0]","(15.0, 20.0]"
3768,294.921568627451,450.6666666666667,40,pos15,rep2,3.333333333333333,19.169901960784316,29.293333333333337,"(15.0, 20.0]","(25.0, 30.0]"
3774,745.5747126436781,90.65517241379312,41,pos15,rep2,3.4166666666666665,48.46235632183908,5.892586206896553,"(45.0, 50.0]","(5.0, 10.0]"
3793,546.8253968253969,274.53968253968253,42,pos15,rep2,3.5,35.5436507936508,17.845079365079364,"(35.0, 40.0]","(15.0, 20.0]"
3807,570.4629629629629,548.2592592592592,42,pos15,rep2,3.5,37.08009259259259,35.63685185185185,"(35.0, 40.0]","(35.0, 40.0]"
3811,646.457627118644,175.4406779661017,43,pos15,rep2,3.583333333333333,42.019745762711864,11.40364406779661,"(40.0, 45.0]","(10.0, 15.0]"
3813,181.33333333333337,197.06666666666663,43,pos15,rep2,3.583333333333333,11.786666666666669,12.809333333333331,"(10.0, 15.0]","(10.0, 15.0]"
3824,220.65384615384616,446.15384615384613,43,pos15,rep2,3.583333333333333,14.342500000000001,29.0,"(10.0, 15.0]","(25.0, 30.0]"
3825,196.91071428571428,477.75,43,pos15,rep2,3.583333333333333,12.79919642857143,31.05375,"(10.0, 15.0]","(30.0, 35.0]"
3834,560.9701492537314,592.8358208955224,43,pos15,rep2,3.583333333333333,36.46305970149254,38.53432835820895,"(35.0, 40.0]","(35.0, 40.0]"
3838,533.2571428571429,303.51428571428573,44,pos15,rep2,3.6666666666666665,34.66171428571429,19.728428571428573,"(30.0, 35.0]","(15.0, 20.0]"
3846,138.06,148.98,45,pos15,rep2,3.75,8.9739,9.6837,"(5.0, 10.0]","(5.0, 10.0]"
3861,102.88709677419357,215.4032258064516,46,pos15,rep2,3.833333333333333,6.687661290322582,14.001209677419354,"(5.0, 10.0]","(10.0, 15.0]"
3862,190.5483870967742,233.67096774193547,46,pos15,rep2,3.833333333333333,12.385645161290324,15.188612903225806,"(10.0, 15.0]","(15.0, 20.0]"
3866,487.94594594594594,324.14864864864865,46,pos15,rep2,3.833333333333333,31.716486486486488,21.069662162162164,"(30.0, 35.0]","(20.0, 25.0]"
3884,744.8846153846154,53.5,48,pos15,rep2,4.0,48.4175,3.4775,"(45.0, 50.0]","(-0.001, 5.0]"
3906,572.3162393162393,192.2905982905983,49,pos15,rep2,4.083333333333333,37.20055555555555,12.49888888888889,"(35.0, 40.0]","(10.0, 15.0]"
3922,632.7404580152672,40.786259541984734,50,pos15,rep2,4.166666666666666,41.12812977099237,2.651106870229008,"(40.0, 45.0]","(-0.001, 5.0]"
3959,36.10606060606061,89.1969696969697,52,pos15,rep2,4.333333333333333,2.3468939393939396,5.797803030303031,"(-0.001, 5.0]","(5.0, 10.0]"
3962,525.0571428571428,186.65714285714284,52,pos15,rep2,4.333333333333333,34.12871428571428,12.132714285714286,"(30.0, 35.0]","(10.0, 15.0]"
3980,95.52272727272728,118.63636363636364,54,pos15,rep2,4.5,6.208977272727274,7.711363636363637,"(5.0, 10.0]","(5.0, 10.0]"
3997,571.679012345679,85.49382716049382,55,pos15,rep2,4.583333333333333,37.15913580246914,5.557098765432099,"(35.0, 40.0]","(5.0, 10.0]"
3998,118.80645161290325,95.01612903225806,55,pos15,rep2,4.583333333333333,7.722419354838711,6.176048387096774,"(5.0, 10.0]","(5.0, 10.0]"
4000,587.047619047619,121.92857142857144,55,pos15,rep2,4.583333333333333,38.158095238095235,7.925357142857144,"(35.0, 40.0]","(5.0, 10.0]"
4009,641.289156626506,601.5903614457832,55,pos15,rep2,4.583333333333333,41.683795180722896,39.10337349397591,"(40.0, 45.0]","(35.0, 40.0]"
4014,437.2978723404256,336.0851063829787,56,pos15,rep2,4.666666666666666,28.424361702127666,21.845531914893616,"(25.0, 30.0]","(20.0, 25.0]"
4017,123.17204301075267,495.010752688172,56,pos15,rep2,4.666666666666666,8.006182795698924,32.17569892473118,"(5.0, 10.0]","(30.0, 35.0]"
4028,108.60975609756098,32.68292682926829,58,pos15,rep2,4.833333333333333,7.059634146341463,2.1243902439024387,"(5.0, 10.0]","(-0.001, 5.0]"
4054,297.9866666666667,213.68,61,pos15,rep2,5.083333333333333,19.369133333333334,13.8892,"(15.0, 20.0]","(10.0, 15.0]"
4056,388.625,314.34375,61,pos15,rep2,5.083333333333333,25.260625,20.43234375,"(25.0, 30.0]","(20.0, 25.0]"
4084,412.79245283018867,230.71698113207543,66,pos15,rep2,5.5,26.831509433962264,14.996603773584903,"(25.0, 30.0]","(10.0, 15.0]"
4085,296.3225806451613,281.0967741935484,66,pos15,rep2,5.5,19.260967741935485,18.271290322580647,"(15.0, 20.0]","(15.0, 20.0]"
4088,89.92857142857143,475.9821428571428,66,pos15,rep2,5.5,5.845357142857143,30.93883928571428,"(5.0, 10.0]","(30.0, 35.0]"
4245,740.6730769230769,220.90384615384616,30,pos17,rep2,2.5,48.14375,14.35875,"(45.0, 50.0]","(10.0, 15.0]"
4247,4.927835051546392,219.5463917525773,32,pos17,rep2,2.6666666666666665,0.3203092783505155,14.270515463917526,"(-0.001, 5.0]","(10.0, 15.0]"
4248,738.8588235294118,315.49411764705883,32,pos17,rep2,2.6666666666666665,48.02582352941177,20.507117647058823,"(45.0, 50.0]","(20.0, 25.0]"
4251,530.04,397.6,34,pos17,rep2,2.833333333333333,34.4526,25.844,"(30.0, 35.0]","(25.0, 30.0]"
4253,69.04166666666667,272.3541666666667,35,pos17,rep2,2.9166666666666665,4.487708333333334,17.703020833333333,"(-0.001, 5.0]","(15.0, 20.0]"
4254,592.6785714285714,347.01785714285717,35,pos17,rep2,2.9166666666666665,38.52410714285715,22.556160714285717,"(35.0, 40.0]","(20.0, 25.0]"
4265,4.337837837837838,140.2027027027027,37,pos17,rep2,3.083333333333333,0.28195945945945944,9.113175675675677,"(-0.001, 5.0]","(5.0, 10.0]"
4276,72.96323529411765,389.2058823529411,38,pos17,rep2,3.1666666666666665,4.742610294117648,25.29838235294117,"(-0.001, 5.0]","(25.0, 30.0]"
4285,140.88888888888889,379.3407407407407,39,pos17,rep2,3.25,9.157777777777778,24.65714814814815,"(5.0, 10.0]","(20.0, 25.0]"
4308,232.0,381.4642857142857,41,pos17,rep2,3.4166666666666665,15.08,24.795178571428572,"(15.0, 20.0]","(20.0, 25.0]"
4309,650.4891304347826,385.19565217391306,41,pos17,rep2,3.4166666666666665,42.28179347826087,25.03771739130435,"(40.0, 45.0]","(25.0, 30.0]"
4317,506.5,129.21428571428572,42,pos17,rep2,3.5,32.9225,8.398928571428572,"(30.0, 35.0]","(5.0, 10.0]"
4321,133.08163265306123,471.4693877551021,42,pos17,rep2,3.5,8.650306122448981,30.64551020408164,"(5.0, 10.0]","(30.0, 35.0]"
4328,114.98666666666666,216.98666666666668,43,pos17,rep2,3.583333333333333,7.4741333333333335,14.104133333333335,"(5.0, 10.0]","(10.0, 15.0]"
4329,207.26829268292684,220.53658536585365,43,pos17,rep2,3.583333333333333,13.472439024390246,14.334878048780489,"(10.0, 15.0]","(10.0, 15.0]"
4354,727.1224489795918,442.3469387755102,44,pos17,rep2,3.6666666666666665,47.262959183673466,28.752551020408163,"(45.0, 50.0]","(25.0, 30.0]"
4370,504.4590163934426,345.2950819672131,45,pos17,rep2,3.75,32.78983606557377,22.444180327868853,"(30.0, 35.0]","(20.0, 25.0]"
4390,96.72881355932203,201.03389830508473,46,pos17,rep2,3.833333333333333,6.287372881355933,13.067203389830508,"(5.0, 10.0]","(10.0, 15.0]"
4391,162.16216216216216,204.6216216216216,46,pos17,rep2,3.833333333333333,10.54054054054054,13.300405405405405,"(10.0, 15.0]","(10.0, 15.0]"
4395,383.552,296.592,46,pos17,rep2,3.833333333333333,24.930880000000002,19.27848,"(20.0, 25.0]","(15.0, 20.0]"
4412,450.66037735849056,104.90566037735849,47,pos17,rep2,3.9166666666666665,29.29292452830189,6.818867924528302,"(25.0, 30.0]","(5.0, 10.0]"
4421,739.3529411764706,391.97058823529414,47,pos17,rep2,3.9166666666666665,48.05794117647059,25.47808823529412,"(45.0, 50.0]","(25.0, 30.0]"
4426,431.56,424.72,47,pos17,rep2,3.9166666666666665,28.0514,27.606800000000003,"(25.0, 30.0]","(25.0, 30.0]"
4437,166.43548387096774,227.3709677419355,48,pos17,rep2,4.0,10.818306451612903,14.779112903225807,"(10.0, 15.0]","(10.0, 15.0]"
4461,703.5,379.5,49,pos17,rep2,4.083333333333333,45.7275,24.6675,"(45.0, 50.0]","(20.0, 25.0]"
4513,76.30985915492958,144.0,53,pos17,rep2,4.416666666666666,4.960140845070423,9.36,"(-0.001, 5.0]","(5.0, 10.0]"
4517,404.6666666666667,222.27927927927928,53,pos17,rep2,4.416666666666666,26.303333333333335,14.448153153153154,"(25.0, 30.0]","(10.0, 15.0]"
4537,34.728813559322035,76.96610169491525,55,pos17,rep2,4.583333333333333,2.2573728813559324,5.002796610169492,"(-0.001, 5.0]","(5.0, 10.0]"
4540,688.1864406779661,166.57627118644066,55,pos17,rep2,4.583333333333333,44.732118644067796,10.827457627118644,"(40.0, 45.0]","(10.0, 15.0]"
4541,610.8139534883721,170.69767441860466,55,pos17,rep2,4.583333333333333,39.70290697674419,11.095348837209304,"(35.0, 40.0]","(10.0, 15.0]"
4543,317.70338983050846,275.1525423728813,55,pos17,rep2,4.583333333333333,20.65072033898305,17.88491525423729,"(20.0, 25.0]","(15.0, 20.0]"
4547,709.0,165.0,56,pos17,rep2,4.666666666666666,46.085,10.725,"(45.0, 50.0]","(10.0, 15.0]"
4549,454.0,244.0,56,pos17,rep2,4.666666666666666,29.51,15.860000000000001,"(25.0, 30.0]","(15.0, 20.0]"
4590,338.90277777777777,257.625,63,pos17,rep2,5.25,22.028680555555557,16.745625,"(20.0, 25.0]","(15.0, 20.0]"
4596,416.9240506329114,221.4430379746835,65,pos17,rep2,5.416666666666666,27.100063291139243,14.393797468354428,"(25.0, 30.0]","(10.0, 15.0]"
4803,706.7027027027027,331.0810810810811,35,pos19,rep2,2.9166666666666665,45.935675675675675,21.52027027027027,"(45.0, 50.0]","(20.0, 25.0]"
4806,717.2061068702291,166.12977099236642,37,pos19,rep2,3.083333333333333,46.61839694656489,10.798435114503818,"(45.0, 50.0]","(10.0, 15.0]"
4807,739.2105263157895,229.5,37,pos19,rep2,3.083333333333333,48.04868421052632,14.9175,"(45.0, 50.0]","(10.0, 15.0]"
4808,657.4861878453039,275.0718232044199,37,pos19,rep2,3.083333333333333,42.736602209944756,17.879668508287295,"(40.0, 45.0]","(15.0, 20.0]"
4809,741.25,324.0576923076923,38,pos19,rep2,3.1666666666666665,48.18125,21.063750000000002,"(45.0, 50.0]","(20.0, 25.0]"
4812,533.1818181818181,415.9848484848485,39,pos19,rep2,3.25,34.65681818181818,27.03901515151515,"(30.0, 35.0]","(25.0, 30.0]"
4815,638.0,357.375,40,pos19,rep2,3.333333333333333,41.47,23.229375,"(40.0, 45.0]","(20.0, 25.0]"
4816,73.31746031746032,190.0,41,pos19,rep2,3.4166666666666665,4.765634920634921,12.35,"(-0.001, 5.0]","(10.0, 15.0]"
4818,196.29032258064515,321.2903225806452,41,pos19,rep2,3.4166666666666665,12.758870967741935,20.883870967741938,"(10.0, 15.0]","(20.0, 25.0]"
4834,38.863013698630134,164.67123287671234,43,pos19,rep2,3.583333333333333,2.526095890410959,10.703630136986302,"(-0.001, 5.0]","(10.0, 15.0]"
4854,171.421875,422.234375,44,pos19,rep2,3.6666666666666665,11.142421875,27.445234375000002,"(10.0, 15.0]","(25.0, 30.0]"
4855,239.40217391304347,424.5978260869565,44,pos19,rep2,3.6666666666666665,15.561141304347826,27.598858695652172,"(15.0, 20.0]","(25.0, 30.0]"
4859,719.4181818181818,117.41818181818182,45,pos19,rep2,3.75,46.762181818181816,7.632181818181818,"(45.0, 50.0]","(5.0, 10.0]"
4863,71.92156862745098,254.90196078431373,45,pos19,rep2,3.75,4.674901960784314,16.568627450980394,"(-0.001, 5.0]","(15.0, 20.0]"
4876,123.77083333333331,180.91666666666663,46,pos19,rep2,3.833333333333333,8.045104166666667,11.759583333333332,"(5.0, 10.0]","(10.0, 15.0]"
4877,214.32692307692307,196.8653846153846,46,pos19,rep2,3.833333333333333,13.93125,12.79625,"(10.0, 15.0]","(10.0, 15.0]"
4878,584.3928571428571,204.28571428571428,46,pos19,rep2,3.833333333333333,37.98553571428571,13.278571428571428,"(35.0, 40.0]","(10.0, 15.0]"
4879,51.31746031746032,240.0,46,pos19,rep2,3.833333333333333,3.335634920634921,15.600000000000001,"(-0.001, 5.0]","(15.0, 20.0]"
4885,220.5379746835443,365.5189873417722,46,pos19,rep2,3.833333333333333,14.33496835443038,23.758734177215192,"(10.0, 15.0]","(20.0, 25.0]"
4904,476.1764705882353,223.9558823529412,48,pos19,rep2,4.0,30.951470588235296,14.557132352941178,"(30.0, 35.0]","(10.0, 15.0]"
4905,435.344262295082,264.6885245901639,48,pos19,rep2,4.0,28.29737704918033,17.204754098360656,"(25.0, 30.0]","(15.0, 20.0]"
4906,4.885057471264368,267.0919540229885,48,pos19,rep2,4.0,0.3175287356321839,17.360977011494253,"(-0.001, 5.0]","(15.0, 20.0]"
4931,467.5243902439024,601.7012195121952,49,pos19,rep2,4.083333333333333,30.389085365853656,39.11057926829269,"(30.0, 35.0]","(35.0, 40.0]"
4933,614.6966292134831,212.19101123595505,50,pos19,rep2,4.166666666666666,39.9552808988764,13.792415730337078,"(35.0, 40.0]","(10.0, 15.0]"
4973,477.4470588235294,330.36470588235295,52,pos19,rep2,4.333333333333333,31.034058823529413,21.47370588235294,"(30.0, 35.0]","(20.0, 25.0]"
4992,38.07142857142857,131.0,53,pos19,rep2,4.416666666666666,2.474642857142857,8.515,"(-0.001, 5.0]","(5.0, 10.0]"
4994,304.2307692307692,336.46153846153845,53,pos19,rep2,4.416666666666666,19.775000000000002,21.87,"(15.0, 20.0]","(20.0, 25.0]"
5010,423.9324324324325,366.27027027027026,54,pos19,rep2,4.5,27.555608108108114,23.807567567567567,"(25.0, 30.0]","(20.0, 25.0]"
5023,347.8636363636364,95.6818181818182,55,pos19,rep2,4.583333333333333,22.611136363636366,6.219318181818183,"(20.0, 25.0]","(5.0, 10.0]"
5054,418.39473684210526,332.57894736842104,57,pos19,rep2,4.75,27.195657894736843,21.617631578947368,"(25.0, 30.0]","(20.0, 25.0]"
5056,505.8833333333333,458.6,57,pos19,rep2,4.75,32.882416666666664,29.809,"(30.0, 35.0]","(25.0, 30.0]"
5066,497.41317365269464,128.00598802395209,58,pos19,rep2,4.833333333333333,32.331856287425154,8.320389221556885,"(30.0, 35.0]","(5.0, 10.0]"
5072,543.6265060240963,60.33734939759036,59,pos19,rep2,4.916666666666666,35.33572289156626,3.9219277108433737,"(35.0, 40.0]","(-0.001, 5.0]"
5080,464.1829268292683,192.0,60,pos19,rep2,5.0,30.17189024390244,12.48,"(30.0, 35.0]","(10.0, 15.0]"
5082,375.7234042553192,356.531914893617,60,pos19,rep2,5.0,24.42202127659575,23.174574468085105,"(20.0, 25.0]","(20.0, 25.0]"
5104,105.25806451612904,107.0483870967742,63,pos19,rep2,5.25,6.841774193548388,6.958145161290323,"(5.0, 10.0]","(5.0, 10.0]"
